:020000040800F2
:100000003034002075020008C94D0008874B0008F5
:10001000C54D00084B2300082780000800000000A1
:10002000000000000000000000000000C9560008A9
:10003000CD240008000000009F560008CB560008A1
:100040008F0200088F0200088F0200088F0200084C
:100050008F0200088F0200088F0200088F0200083C
:100060008F0200088F0200088F0200088F0200082C
:100070008F0200088F0200088F0200088F0200081C
:100080008F0200088F0200088F0200088F0200080C
:10009000717F00088F0200088F020008CF2400083B
:1000A0008F0200088F0200088F0200088F020008EC
:1000B000815700088F0200088F0200088F02000895
:1000C0008F0200088F0200088F0200088F020008CC
:1000D0008F0200088F0200088F0200088F020008BC
:1000E0008F0200088F0200088F02000800F002F85B
:1000F00000F0B0F80AA090E8000C82448344AAF112
:100100000107DA4501D100F0A5F8AFF2090EBAE80F
:100110000F0013F0010F18BFFB1A43F0010318473B
:10012000C88C0000E88C00000A444FF0000C10F866
:10013000013B13F0070408BF10F8014B1D1108BF65
:1001400010F8015B641E05D010F8016B641E01F805
:10015000016BF9D113F0080F1EBF10F8014BAD1C55
:100160000C1B09D16D1E58BF01F801CBFAD505E073
:1001700014F8016B01F8016B6D1EF9D59142D6D3CD
:10018000704700000023002400250026103A28BFF5
:1001900078C1FBD8520728BF30C148BF0B607047F9
:1001A0006E2900F07783702900F0C184662908F079
:1001B0008385652908F08085672908F07D85612998
:1001C00008F07C8503681B0A28BF41F0800169297B
:1001D00000F02483642900F02183752900F01E8338
:1001E0006F2900F04E84782900F08D84E92900F011
:1001F000E983E42900F0E683F52900F0E383EF29A1
:1002000000F04B84F82900F08C840368DB0928BFD8
:1002100041F08001632901F0DB81732901F0E08165
:10022000E32901F0EB81F32901F0F0810020704710
:100230001FB501F0F7FB04000020002108F026FDA7
:10024000401C60600020002108F00AFDE0601FBD36
:1002500010B510BD01F0B8FB1146FFF7E9FF08F03B
:100260005FF801F095FC03B4FFF7F2FF03BC01F067
:100270009DFC00000948804709480047FEE7FEE76B
:10028000FEE7FEE7FEE7FEE7FEE7FEE7FEE7FEE746
:1002900004480549054A064B7047000057570008B7
:1002A000ED000008302C00203034002030300020D9
:1002B000303000207CB51D4616460C00009001D061
:1002C0002044401E074B7B442A4669460190304635
:1002D00000F0F9FA05461CB10020694600F006FB63
:1002E00028467CBD2D0600000FB400B58DB010A9C6
:1002F000099000910B904FF0FF300A9000200C9075
:10030000064878440690064878446A4607900F9954
:1003100009A800F0EFFC0DB05DF814FB0F0A000017
:10032000270A00002DE9FF5F1D464FF0FF3B914675
:100330004FF000085F46D5E90146A96901987F1C86
:100340008847296A824688470028F6D1BAF1FF3FDC
:100350000CD0002E24F4C06419DD600614D5BAF167
:100360002B0F09D0BAF12D0F0ED103E0584604B07F
:10037000BDE8F09F44F48064A96901987F1C884718
:10038000761E8246002E02DDBAF1300F03D0B9F19D
:10039000000F26D032E0A969761E01987F1C44F434
:1003A00000748847002E824605DDBAF1780F06D02A
:1003B000BAF1580F03D0B9F1000F10D01EE0B9F117
:1003C000000F02D0B9F1100F18D1A969761E01985B
:1003D0007F1C24F4007488478246102002E0082025
:1003E00000E00A20814609E0A96908FB0908761E99
:1003F00001987F1C44F4007488478246002E05DD76
:100400004946504600F062FC0028EDDAE96901989F
:100410008847A00502D46FF00100A8E7E00725D1C6
:10042000600613D5600502D5C8F1000000E0404623
:1004300029680A1D2A600968220501D5087015E09F
:10044000220701D5088011E008600FE02868011D2F
:1004500029600068210502D580F8008006E02107A8
:1004600002D5A0F8008001E0C0F8008038467EE7A1
:100470002DE9FF5F4FF00008994614464646916902
:10048000D2E901A7DDF838B001988847054659EA56
:100490000B0005D009E0A1690198761C8847054644
:1004A000216A284688470028F5D1681C03D05FEAF6
:1004B000CA7005D015E04FF0FF3004B0BDE8F09FE2
:1004C0002068011D2160D0F800800AE05FEACA7050
:1004D00001D108F8015BA169761C01987F1E88474D
:1004E0000546002F1ADD681C18D0B9F1000F0DD099
:1004F000E81705EBD060421120F01F0059F82210D8
:100500002A1A012090400142E0D107E0BBF1000F20
:10051000DCD12846216A88470028D7D0E1690198B4
:100520008847BBF1000F07D1002E05DD5FEACA70D6
:1005300002D1002188F80010A068B84203DDBBF1A9
:10054000000F03D017B16FF00100B6E73046B4E7F3
:10055000032A40F2308010F0030C00F0158011F8EF
:10056000013BBCF1020F624498BF11F801CB00F8C7
:10057000013B38BF11F8013BA2F1040298BF00F81B
:1005800001CB38BF00F8013B11F0030300F02580D8
:10059000083AC0F0088051F8043B083A51F804CBFF
:1005A000A0E80810F5E7121D5CBF51F8043B40F8C5
:1005B000043BAFF30080D20724BF11F8013B11F8D0
:1005C00001CB48BF11F8012B24BF00F8013B00F814
:1005D00001CB48BF00F8012B704710B5203AC0F09E
:1005E0000B80B1E81850203AA0E81850B1E8185034
:1005F000A0E81850BFF4F5AF5FEA027C24BFB1E871
:100600001850A0E8185044BF18C918C0BDE81040E1
:100610005FEA827C24BF51F8043B40F8043B08BFEA
:100620007047D20728BF31F8023B48BF11F8012BB1
:1006300028BF20F8023B48BF00F8012B70474FF05D
:1006400000020429C0F0128010F0030C00F01B809F
:10065000CCF1040CBCF1020F18BF00F8012BA8BFAD
:1006600020F8022BA1EB0C0100F00DB85FEAC17C71
:1006700024BF00F8012B00F8012B48BF00F8012B24
:1006800070474FF0000200B5134694469646203955
:1006900022BFA0E80C50A0E80C50B1F12001BFF43B
:1006A000F7AF090728BFA0E80C5048BF0CC05DF8A1
:1006B00004EB890028BF40F8042B08BF704748BFEF
:1006C00020F8022B11F0804F18BF00F8012B704763
:1006D0004FF0013C50F8042B51F8043B9A4221D1D1
:1006E000A2EB0C03934313EACC1317D150F8042B5D
:1006F00051F8043B9A4215D1A2EB0C03934313EA41
:10070000CC130BD150F8042B51F8043B9A4209D179
:10071000A2EB0C03934313EACC13DBD04FF00000A1
:10072000704700BFD01A01BAB1FA81F101F0180187
:1007300022FA01F0CB40C1F12001DBB2C0B2C01AF5
:100740002CFA01F3D11A914311EAC311E6D1704793
:1007500070477047704770B5044685690068C106E8
:1007600001D5302600E02026C00707D070BDD4E9AF
:10077000012130469047206A401C20626D1EF6D54C
:1007800070BD70B5044685690078C00707D170BD9B
:10079000D4E9012120209047206A401C20626D1E70
:1007A000F6D570BD09684A0501D540B27047C90544
:1007B000FCD500B2704709684A0501D5C0B2704740
:1007C000C905FCD580B2704770B50C460546012AB4
:1007D00005D02878800600D5EA69002302E00123CD
:1007E00005E05B1C934202D2E05C0028F9D1A869C5
:1007F000E618C01AA861286A184428622846FFF73C
:10080000AAFF04E0D5E9012114F8010B9047B44296
:10081000F8D32846FFF7B5FF70BD00002DE9F04181
:100820000646002410687529314616A510D0FFF73A
:10083000B9FF002802DA404213A507E031688A07B1
:1008400001D512A502E0490704D511A5012401E054
:10085000FFF7B1FF00210A2206F1240709E0B0FBEF
:10086000F2FCB0FBF2F302FB1C0030307854184667
:10087000491C0028F3D123462A463046BDE8F04102
:1008800000F0B6BA000000002D0000002B000000B0
:100890002000000011680268006A530501D5087045
:1008A0000AE0D30501D5088006E0130603D5C21778
:1008B000C1E9000200E008600120704701694A1C9C
:1008C00002610878704700B58FB0CDE90131002191
:1008D000059105497944CDE903101146684600F0B9
:1008E00031F90FB000BD0000E5FFFFFF0A6802F814
:1008F000010B0A607047D1E900239A4202D2531CCF
:100900000B601070704700002DE9FF5F15468A46A6
:100910000446DFF8AC80F8440027D8E900103E46D2
:10092000CDE9001010E03AF816106A4602A801F06E
:100930002BF8411C07D02178890603D5E2693918C4
:1009400091420DD80744761C2078800602D5E069D4
:10095000B84205DDAE42E6DB3AF816000028E2D1E7
:10096000A069C01BA0612046FFF7F5FED8E9001082
:10097000CDE90010002017E03AF818106A4602A8E6
:1009800001F002F8B0F1FF3F81460BD000250DF1D8
:10099000080B05E0D4E901211BF8050090476D1C08
:1009A0004D45F7D308F10100B0428046E4DB206AF0
:1009B000384420622046FFF7E4FEBDE8FF9F0000B8
:1009C000D28300002DE9F0418046D21D22F00702BB
:1009D0000025D2E90002F52915A614D0011E72F1F6
:1009E000000106DA0023D0EB030063EB020211A63C
:1009F00008E0D8F800108B0701D50FA602E04907E0
:100A000001D50EA601251146002408F1240704E0B3
:100A100000F0A0F930323A55641C50EA0102F7D1D7
:100A20002B46324621464046BDE8F04100F0E0B991
:100A3000000000002D0000002B000000200000003E
:100A400030B4002100F1240408E002F00705D208C8
:100A5000303542EA4372DB086554491C52EA03050B
:100A6000F3D10468002310A2250707D5A40600D4FB
:100A700021B1C46901230DA2641EC46130BC00F021
:100A8000B7B910B5044621461068FFF794FE024638
:100A90002046BDE810400023D2E7D21D22F0070116
:100AA000D1E90023CCE70000000000003000000086
:100AB000F0B40D460188090502D5214C7C4402E0C2
:100AC0001F4C7C440E34002100F1240608E002F0A3
:100AD0000F071209E75D42EA03721B097754491CAC
:100AE00052EA0307F3D102780023120704D5702DD0
:100AF00006D009B1022311342246F0BC00F078B9C7
:100B000001231034F8E770B504460D4621461068FD
:100B1000FFF751FE024629462046BDE870400023FB
:100B2000C6E7D21D22F00703D3E90023C0E703681C
:100B3000126843F0200303600823C3610023B7E772
:100B4000348200002DE9F05F894604464FF0000A28
:100B5000DFF874B1FB44C0F820A02046E168884764
:100B6000002874D0252806D0D4E901219047206AB6
:100B7000401C2062F1E700265F462046E168884776
:100B80002028054607DB312D05D2781910F8200CF6
:100B900008B10643F1E7B00701D526F00406C4F812
:100BA0001CA00027C4F818A02A2D09D0284607F059
:100BB000C1FA38B304EB8708303DC8F8185019E083
:100BC00059F8041B204604EB87029161E1688847CD
:100BD000012F054618D1E069002820DA26F020060A
:100BE0001DE0D8F8180000EB800005EB400030381D
:100BF000C8F818002046E1688847054607F09AFAC9
:100C00000028EED1012F0AD02E2D08D12046E16810
:100C100088477F1C0546022F46F02006C4DBA069EA
:100C2000002803DA404246F00106A061F00701D037
:100C300026F010066C2D0BD0682D09D04C2D39D024
:100C40006A2D35D0742D35D07A2D33D016E038E0AA
:100C5000E1682F4620468847B842054609D16C2FE7
:100C600026D04FF48060E168064320468847054659
:100C700004E06C2F1AD04FF4807006430DB3A5F139
:100C80004100192802D8203546F400664A46294614
:100C9000204626604E46FFF783FA80B101280BD02C
:100CA000F61D26F0070000F1080956E74020E4E7AA
:100CB0008020D8E70020D6E706F104094DE7284652
:100CC00052E7206ABDE8F09FC48100003A2800D2B4
:100CD000303820F02002412A01D3A2F137008842A7
:100CE00001D34FF0FF307047026811441378016060
:100CF00018467047D16005497944516104497944E7
:100D0000116200211161114600F084BCEDFFFFFF6C
:100D1000DD000000426842B1016811F8013B23B1D7
:100D2000521EC0E90012184670470121C160881E9A
:100D3000704742685AB1C368016843B983688B42FF
:100D400005D0491E521CC0E90012002070474FF028
:100D5000FF30704730B5B0F10A024FEA900E71F1E2
:100D600000034EEA817EB0EB0E0061EB91014FEA89
:100D7000101E4EEA017E10EB0E0041EB11114FEAFE
:100D8000102E4EEA016E10EB0E0041EB11214FEADE
:100D9000104E4EEA014E10EB0E0041EB114140188F
:100DA00041F100014FEAD00040EA41704FEAD10121
:100DB00010EB80054FEA810444EA907444EB01048F
:100DC0006D1944EB0404521BA3414FF0000348BFCC
:100DD0000A3200D530BD401C41F1000130BD10B5D4
:100DE000044600F017FE0068005D00F0010010BD31
:100DF0002DE9F0470D4699469246044600F1240835
:100E00000168880604D5E06921F01001216000E046
:100E10000120A84201DD471B00E00027A1697A19E3
:100E200002EB0900081AA0612078C00602D420460F
:100E3000FFF791FC002608E0D4E901211AF806002A
:100E40009047206A401C761C20624E45F4DB2078D7
:100E5000C0060AD52046FFF77EFC06E0D4E9012152
:100E600030209047206A401C2062381EA7F10107FD
:100E7000F4DC07E0D4E9012118F805009047206A66
:100E8000401C2062281EA5F10105F3DC2046FFF777
:100E900078FC2078000602D50220BDE8F08701200A
:100EA000FBE770472DE9FF4F0C461E464FF0FF371A
:100EB0008BB0D2E90001DDF860800A908A46C1F368
:100EC0000A5505B93D46002108464FF00000BAF129
:100ED000000F00F4400005DA00EB80004FF4400101
:100EE00001EA50004FEA9059B9F1010F00DDB9460F
:100EF0000A9850EA4A000ED044F61050A5F2FF3589
:100F000045432F14B8F1000F1ED07542291E1EDD77
:100F1000C9F100021CE0B8F1010F4FF0000001D050
:100F2000302103E0F24305E02154401CB042FBDBDA
:100F300030460022002121540B99C1F80880C1E9F4
:100F400000200FB0BDE8F08FBD1B6D1CDEE74A46E8
:100F500000DA694206A800F0A9FD06AB93E8070095
:100F600003AB83E8070050460A9900F026FE8DE89F
:100F70000700A0F500501F3800900398002D0ADDEF
:100F800042F21F014A460844002303A90390684621
:100F900001F08FF809E0A0F500504A461F38002301
:100FA00003A90390684601F099F88DE80700000452
:100FB000000C03D04FF0FF30410800E01046B8F1BC
:100FC000000F03D00022009215461EE0751E05D4C6
:100FD000FFF7C0FE303262556D1EF9D5B3460122CF
:100FE000084302D000227F1C04E02078302801D181
:100FF00000227F1E002A099784D01DE0112D07DAF8
:10100000FFF7A8FE303262556D1C50EA0102F5D19F
:10101000084302D00098C8B10EE00021681E05E028
:10102000235C625C63542254401E491C8142F7DBFE
:10103000AB46A81B401E0990002004F80B000B983B
:10104000099AC0F80880C0E9002B7AE711264FF012
:10105000000857E72DE9F04F88460446D21D22F0DC
:10106000070191B0D1E90001CDE90A0106F0DDFFE9
:1010700002460B98C00F01D02D2007E020688107A1
:1010800001D52B2002E0202101EAC000032A0990AB
:1010900001D0072A05DB03464146204600F0C6FC86
:1010A0000BE12078800601D5E06900E00620B8F168
:1010B000650F814606D0B8F1660F18D0B8F1670FFA
:1010C00070D131E00020B9F1110F009001DB112344
:1010D00001E009F101030AAA01A90CA8FFF7E2FE49
:1010E000DDE90C70002609F10105834647E0012087
:1010F0004B4600904FF000470AAA01A90CA8FFF741
:10110000D1FEDDE90DB00C995D46002610B909F15C
:1011100001000D18B9EB050003D4C0F1FF3609F149
:101120000105A5EB09002BE0B9F1010F01DA4FF041
:1011300001090020B9F1110F0090484601DD11238B
:1011400000E003460AAA01A90CA8FFF7ABFEDDE9FF
:101150000C704D4600268346207800070AD4AB4524
:1011600000DA5D4601A8012D04DD411911F8011CCA
:10117000302907D04F4502DA17F1040F04DA0120B5
:1011800082460FE06D1EEEE7002F02DCED1B3E44B1
:1011900003E0781CA84200DD7D1CB81B00F1010AA9
:1011A0004FF000472078000703D4AA4501DB4FF039
:1011B000FF3A0021B7F1004F0DF143088DF84310BD
:1011C00024D002202B23002F01DA7F422D230A2175
:1011D000021EA0F1010000DC5FB197FBF1FC97FB60
:1011E000F1F201FB1C7C17460CF1300C08F801CD24
:1011F000EEE7A8F1010003702188090501D545211A
:1012000000E06521A0F1010800F8011C09980FA970
:10121000A1EB0807FF1D00B10120411901EBEA70A5
:10122000A1693844081A401EA0612078C00602D483
:101230002046FFF790FA099828B1D4E90121904798
:10124000206A401C20622078C00622D52046FFF785
:1012500082FA1EE0002E04DBB34502DD01A8805DAA
:1012600000E03020D4E901219047206A401C206230
:10127000761CAAF101005FEA000A0AD100F0D2FB55
:10128000C0680168405CD4E901219047206A401C95
:101290002062281EA5F10105DCDC07E0D4E901216C
:1012A00018F8010B9047206A401C2062381EA7F1F5
:1012B0000107F3DC2046FFF764FA032011B041E692
:1012C0002DE9F04F04460D46D21D22F0070089B0EB
:1012D000D0E900974846394606F0A7FE0246F80FC7
:1012E00001D02D2307E02068810701D52B2302E0E0
:1012F000202101EAC0038DF820300BB1012000E06D
:101300000020032A824601D0072A04DB2946204612
:1013100000F08CFB3FE12078800601D40D2500E031
:10132000E569C7F30A560D2D49DA00214FEA175B2C
:1013300008464FF00000002F00F4400007DA00EBF1
:1013400080004FF4400100EBD07001EA600081158D
:10135000012901DD4FF0FF3100224FEA850CBCF17D
:10136000180F06D31346ACF118004FF08052C2405C
:1013700003E04FF4801323FA0CF30CF10C0CBCF1D6
:10138000200F04D3ACF1200C09FA0CF001E007FAAD
:101390000CF000294FF0004801DD18B90FE00ED124
:1013A00040450CD319EB02095F4121B9404502D1F8
:1013B0009F4329EA0209BBEB175F00D0761C208807
:1013C000000502D57B48784402E07A487844193811
:1013D00008AA302302F80A30037C0AF10101002E2A
:1013E0000AF1020A53546A4602DC4FF0300101E070
:1013F0004FF031014FF001088DF8001002D0A6F235
:10140000FF3603E059EA470100D06B4E002D02DCA5
:101410002178090704D54FF002082E218DF801101C
:10142000C44600210BE0C7F303433F01C35C491CE2
:101430006D1E02F80830052908F1010801DA002DB7
:10144000F1DC00210CE000EB1973491C1B786D1EC8
:10145000082902F808304FEA091908F1010801DAF1
:10146000002DF0DC21688B0602D516E0A8F10108FA
:10147000E04505DD02EB080313F8013C302BF5D005
:10148000B8F1000F09DD02EB080313F8013C2E2B25
:1014900003D1090701D4A8F10108002D05DD3E2183
:1014A00002F808106D1E08F10108407C002E02F8B9
:1014B000080008F1010804DA2D20764202F808003D
:1014C00002E02B2002F808000A214FF47A708642CD
:1014D00008F101080BDB96FBF0F3303302F808301B
:1014E00096FBF0F308F1010800FB136601E0642E9F
:1014F0000CDB642096FBF0F3303302F8083096FBE7
:10150000F0F308F1010800FB136601E00A2E06DB88
:1015100096FBF1F0303002F8080008F1010896FB64
:10152000F1F001FB1060303002F80800A16908F109
:10153000010808EB050202EB0A00081AA0612078F6
:10154000C00602D42046FFF706F9216A08AE01EB77
:101550000A00206204E0D4E9012116F8010B90474B
:10156000BAF1010AF7D22078C00602D52046FFF76B
:10157000F2F86E4609E016F8010B3E280FD0D4E9C8
:1015800001219047206A401C2062B8F10108F2D284
:101590002046FFF7F6F809B00320BDE8F08F206A77
:1015A0002844206203E0D4E90121302090476D1ED9
:1015B000EBD3F8E77679000002FCFFFF10B5436932
:1015C00013B1AFF3008001E0FFF7FEF8012010BD7A
:1015D000127800F124010A7000224A700122EDE71E
:1015E00011684FF0FF32E9E710B5436913B1AFF36B
:1015F000008001E0FFF788F9012010BD128800F19A
:10160000240182840022C2840122EDE711684FF098
:10161000FF32E9E72DE9F34F4FF0000A0C4656463A
:101620008DB001200C9001F10C000B9062690B98B9
:1016300001219047051E2DD0252D2CD0216A8847E9
:10164000C0B162690B9801219047216A8847002840
:10165000F7D16269411E0B98904700E0761CA169A2
:101660000D988847216A88470028F7D1E1690D98CD
:101670008847DBE7A1690D988847A842074601D152
:10168000761CD3E7E1690D9888477F1C02D1BAF137
:10169000000F6FD06BE162690B9800273D46394619
:1016A00090472A2804D162690B98012190470125AF
:1016B000DFF8D08262690B9801219047A0F13001D8
:1016C0000A290AD24745E5DC07EB870100EB410711
:1016D000303FDFD445F01005ECE7E90601D46FF0A8
:1016E00000476C280AD04C2814D0682815D06A28E6
:1016F0000DD074281CD07A281AD01DE062690B988E
:10170000012190476C2802D045F0040514E045F013
:1017100002050DE045F020050AE062690B98012101
:101720009047682802D045F0080505E045F40065BB
:1017300062690B9801219047C4E9015765283DD0A3
:1017400019DC58287AD00CDC452837D004DC252851
:1017500026D041289ED131E046282FD0472899D164
:101760002CE05B2877D0612828D063287CD06428BF
:1017700023D15AE0F6E06F2848D008DC66281DD057
:1017800067281BD0692821D06E2816D127E0702841
:1017900045D0732868D0752847D078280DD14DE002
:1017A000A1690D988847252805463FF469AFE1698E
:1017B0000D9888476D1C3FF46AAFD8E00D99234619
:1017C0006A466FF00100AFF30080C5E045F04000CD
:1017D00023464FF000026060A80736D43EE0E807D9
:1017E0007FF447AF2068011D21600068290501D5FD
:1017F00006701BE7290701D5068017E7A90703D55F
:10180000F117C0E9006111E706600FE745F04000FD
:1018100023464FF008026060A80716D41EE040F689
:101820000E0125EA0100606016E045F04000234605
:101830004FF00A026060A80707D40FE045F04000AF
:101840006060A80708D5234610220D996FF00100AB
:10185000AFF3008080E007E0102223460D996FF07F
:101860000100FEF75FFD77E04FF0000963284F4667
:10187000C8464B46CB4602D05B2806D038E0E80687
:1018800001D40120A060012732E06269D4F80CB0D5
:101890000B98012190475E2807D14FF00109494676
:1018A0006269D4F80CB00B989047216939B90021CE
:1018B0000A4603AB43F82120491C0829FADBD8B3B8
:1018C000216949B308F1010862690B980121904729
:1018D0005D28F4D1B9F1000F09D0002003A951F817
:1018E0002020D24341F82020401C0828F7DB03AB1E
:1018F0002069002820794FEA40701ED05B462246BE
:10190000CDF80080CDE901970D9900286FF0010016
:1019100020DAAFF300801FE0C11703AA00EBD1610A
:101920004B1121F01F0102EB8302411A13680120C1
:10193000884003431360C7E719E00D992246002849
:101940006FF00100009702DAAFF3008004E0FEF7C9
:101950008FFD01E0AFF3008000280ADA401C06D1B9
:101960000C9820B14FF0FF300FB0BDE8F08F50461B
:10197000FAE7E90701D10AF1010A064400200C90B8
:1019800054E60000CCCCCC0C70B516460C4605468F
:1019900000F040F8036893F80101012806D0FF2CFD
:1019A0000FD8185D68B101202C7070BDD3F8070105
:1019B0003246214603F2071303442846BDE870402F
:1019C00018474FF0FF3070BD754600F0EBF8AE469B
:1019D00005006946534620F00700854618B020B53B
:1019E000FEF756FCBDE820404FF000064FF0000720
:1019F0004FF000084FF0000B21F00701AC46ACE8B7
:101A0000C009ACE8C009ACE8C009ACE8C0098D4623
:101A10007047000010B500F005F8001D10BD00BFB4
:101A20006D72000000487047EC2B00202DE9F0415A
:101A30001F46044603260168072A01F4006004DB00
:101A400008B116A505E016A503E008B115A500E04C
:101A500015A521F010002060A069C01EA0610FB183
:101A6000401EA0612046FEF776FE4FB1D4E9012169
:101A700038469047206A401C2062C01C206206E065
:101A8000206AFAE7D4E9012115F8010B9047761E88
:101A9000F8D22046FEF775FEBDE8F0814E414E00BB
:101AA0006E616E00494E4600696E66002DE9F04792
:101AB000814616468AB0354878440DC88DE80D0039
:101AC00032487844801C03AC0DC884E80D0041F610
:101AD0009B300844372190FBF1F290FBF1F5A5F122
:101AE000800501FB12041B3C02D56442012000E08A
:101AF0000020DFF898A080460027FA44AAF1BE0A29
:101B00000EE0E0070AD03246684607EB47010123A2
:101B10000AEB810100F0E2FA8DE8070064107F1CF7
:101B2000002CEED1194F7F44AE3F19E0E80715D0E5
:101B300007EB04100DF1180A90E80E008AE80E0079
:101B4000C068F04201D1981908903246012306A9D5
:101B500003A800F0C3FA03AB83E807006D10641C10
:101B6000002DE3D14FF0010332466946B8F1000F72
:101B700003A802D000F09DFA01E000F0AFFAC9E935
:101B80000001C9F808200AB0BDE8F087147300000E
:101B900010B50446AFF300802046BDE81040FEF7C4
:101BA00062BB000000487047CC2B00200149182080
:101BB000ABBEFEE72600020070475FEA400C08BF9C
:101BC00091F0000F4FEA8C234FEAC12243EA5151B2
:101BD0004FEA1C5018BF00F5F0404FEA300018BF24
:101BE00041F000415FEA6C5C00F02980BCF1FF3FEE
:101BF00008BF40F080407047130C06BF12044FF03E
:101C0000100C4FF0000C130E04BF12020CF1080C64
:101C1000130F04BF12010CF1040C930F04BF9200C8
:101C20000CF1020CD30F04BF52000CF1010C114651
:101C30004FF00002A0F11F00A0EB0C00704711F064
:101C4000004F08BF704731F000413FF4D5AF0B0C97
:101C500006BF09044FF0100C4FF0000C0B0E04BF30
:101C600009020CF1080C0B0F04BF09010CF1040C64
:101C70008B0F04BF89000CF1020CCB0F04BF49008D
:101C80000CF1010CCCF12003A0EB0C0022FA03F3C1
:101C900002FA0CF241EA030100F10100704720F062
:101CA0007F4C80EA030023F07F47ACEB070303F58A
:101CB0007C5300F0004003F1FF032DE980494FEA17
:101CC000154B09B44FEA144325EA0B4E24EA0348A6
:101CD0000FF2042606EB132749083E785FEA32022A
:101CE00003FB0667C7F5000707FB06F64FEA543704
:101CF0004FEAD64606F1020607FB066CCCF1005C03
:101D00004FEA1C472CEA074C07FB06F40CFB06F5D0
:101D100004EB15464FEA961634BF00204FF0004002
:101D20004FEAD13706FB07FC4FEA1C4C0CFB0BF7C4
:101D3000D21B03FB0CF761EB07010CFB0EF7B0EBBA
:101D4000074072EB17420CFB08F734BFA2EB0742C7
:101D5000B2EB074261EB17414FEA0C444FEA91079F
:101D600006FB07FC4FEA1C4C0CFB0BF7B0EBC74023
:101D700072EB573203FB0CF734BFA2EBC742B2EB56
:101D8000C74261EB57310CFB0EF7B0EBC70072EBAB
:101D900057720CFB08F734BFA2EBC702B2EBC702C5
:101DA00061EB5771039F4FEA816141EA921104EBA5
:101DB000CC044FEAD1374FEA826206FB07FC42EAC5
:101DC00090124FEA80604FEA1C4C0CFB0BF7D21BC1
:101DD00003FB0CF761EB07010CFB0EF7B0EB0740C0
:101DE00072EB17420CFB08F734BFA2EB0742B2EBD1
:101DF000074261EB17414FEA8C554FEA910704EB1C
:101E00009C2406FB07FC4FEA1C4C0CFB0BF7B0EBC9
:101E1000C74072EB573203FB0CF734BFA2EBC7424B
:101E2000B2EBC74261EB57310CFB0EF7B0EBC700CA
:101E300072EB57720CFB08F734BFA2EBC702B2EB90
:101E4000C70261EB577115EB4C254FEA816141EAFE
:101E500092114FEA82624FEAD13742EA901206FBB2
:101E600007FC44F100044FEA80604FEA1C4C0CFB75
:101E70000BF7D21B03FB0CF761EB07010CFB0EF712
:101E8000B0EB074072EB17420CFB08F734BFA2EB34
:101E90000742B2EB074261EB174115EB1C154FEA05
:101EA000813141EA92414FEA823242EA90424FEA5E
:101EB00080304FEA0C7644F1000448EA03434EEACE
:101EC0000B484FF0000EB2EB080C71EB030724BF78
:101ED000624639464EEB0E0E4FF0000B0018524191
:101EE00049414BEB0B0BB2EB080C71EB03077BF199
:101EF000000B24BF624639464EEB0E0E4FF0000B2E
:101F00000018524149414BEB0B0BB2EB080C71EB43
:101F100003077BF1000B24BF624639464EEB0E0EE1
:101F200051EA020718BF46F0010616EB0E7655F18E
:101F3000000254F1000103D5BDE88901BDE8008825
:101F4000BDE88901BDE80048B619524141EB0101E5
:101F5000A3F10103704780807F7E7D7C7B7A797856
:101F6000777676757473727171706F6E6E6D6C6C5E
:101F70006B6A6A6968686766666564646363626100
:101F80006160605F5F5E5E5D5D5C5C5B5B5A5A5981
:101F900059585857575656555555545453535252ED
:101FA0005251515050504F4F4F4E4E4D4D4D4C4C45
:101FB0004C4B4B4B4A4A4A4949494848484747478E
:101FC00047464646454545444444444343434342CB
:101FD000424242414141002B9C4630D477002BD0F5
:101FE0001CB54FEA370703B44FF010004FF0100153
:101FF000BAF1000F06D0BCF1000FDCBF40F00800C2
:1020000040F008014FF000000FBCBDE810400BF19C
:10201000010BBBF1010F08BF5FEA170722BF12F1E6
:10202000010211F101014FF0004143F1000300F002
:10203000004043EA00007047F9D35708D0E746EA6A
:10204000064613F1400F4FEA16461FDD13F1200F2D
:10205000DFBF16430A46002120335B42BED0C3F1E6
:10206000200746EA064602FA07F74FEA164646EA0E
:102070000706C3F1200722FA03F201FA07F721FA53
:1020800003F14FF0000342EA0702A7E746EA02061F
:1020900046EA06464FEA164646EA0106BCBF46EA4D
:1020A0000646360C4FF000034FF000024FF00001DF
:1020B00094E72DE9804C9A46934670B491E8380035
:1020C00007C831EA400C48BF34EA430C03D5FFF798
:1020D000E6FDFFF780FFF0BCBDE8008C2DE9804CE9
:1020E0009A46934670B491E8380007C810F0804FC4
:1020F00008BF13F0804F03D100F005F8FFF76BFF26
:10210000F0BCBDE8008C20F07F4780EA030023F09C
:102110007F4C07EB0C03A3F57C5300F00040A3F1C8
:10212000FE0392F0000F00F0B38095F0000F00F076
:1021300077802DE901494FEA11404FEA144621EA20
:10214000004800FB06FC24EA064708FB06F607FBEE
:1021500008F800FB07F718EB06484CEB164C4FEA63
:10216000124B18EB07484FEA15464CEB174022EA92
:102170000B4E0BFB06FC25EA06470EFB06F607FB9B
:102180000EFE0BFB07F71EEB064E4CEB164C4FF00A
:1021900000061EEB074E4CEB174B18EB0B0840F1FB
:1021A000000018EB0E0B58EB000840F100008F1AEE
:1021B0004FF000013CBFC943661B14BFB5EB040CD4
:1021C00000213CBFC943F61B4FEA17444EEA8E0E6E
:1021D00027EA04454FEA1C4704FB07622CEA074C38
:1021E00005FB07F70CFB05F604FB0CFC16EB07469A
:1021F00042EB174216EB0C4642EB1C421BEB060669
:1022000058EB0202414146EA9E0601D5BDE801892C
:10221000B619524141EB0101A3F10103BDE8018967
:102220004FEA14454FEA114724EA054621EA074CD4
:1022300005FB07F406FB07F70CFB06F105FB0CFC9E
:1022400011EB074144EB17444FEA124711EB0C41E5
:1022500044EB1C4422EA074C05FB07F206FB07F798
:102260000CFB06F605FB0CFC16EB074642EB17428F
:1022700016EB0C4642EB1C456A1854F1000148BFAE
:102280007047B619524141EB0101A3F101037047B8
:1022900095F0000F37D04FEA11424FEA144721EA78
:1022A000024624EA074C02FB07F106FB07F70CFB8A
:1022B00006F402FB0CFC14EB074441EB17414FEA18
:1022C000154714EB0C4441EB1C4125EA074C02FB7B
:1022D00007F506FB07F70CFB06F602FB0CFC16EBFA
:1022E000074645EB174516EB0C4645EB1C42121909
:1022F00051F1000148BF7047B619524141EB01014D
:10230000A3F1010370474FEA14454FEA114724EA4D
:10231000054621EA074C05FB07F106FB07F70CFB16
:1023200006F24FF0000605FB0CFC12EB074241EBF6
:10233000174112EB0C4251EB1C4148BF70479218F9
:1023400041EB0101A3F10103704700BFFEE700006C
:1023500010B50346042B15D007DC7BB1012B0ED042
:10236000022B0DD0032B3CD10BE0202B0BD0212BCB
:102370001CD0222B33D0232B33D131E032E031E09B
:1023800030E02FE02EE0C87800068C7840EA044068
:102390004C7840EA04200C782043144C20600879E3
:1023A0002071487960718879A0711BE00F4800782E
:1023B00008700E480088000A48700C480068000C3D
:1023C00088700A480068000EC870084800790871D3
:1023D00006484079487105488079887102E001E03B
:1023E00000E000BF00BF002010BD0000A8000020DA
:1023F0000020704710B500220449054803F07DFB1A
:102400000449034803F072FB002010BDB6220020EF
:1024100054120020B61E002070B505460C46294611
:10242000174803F063FB164803F03CFB217815487E
:10243000154A127881541549134A127801EB82101B
:102440004021FEF7FCF811490F4B1B7801EB83107C
:1024500029462268FEF77CF80B480078401C0A28C1
:1024600001D1002002E008480078401C06490870AD
:1024700007480078401C06490870002070BD000025
:1024800054120020AC1E00209F0000202C1C0020B5
:10249000A10000202DE9F04104460D4600260A481F
:1024A000D0F8B872D7F8140210B10120BDE8F0815D
:1024B0002A462146044803F020FB034803F0A1FB11
:1024C00006463046F2E7000054120020704710B56F
:1024D0004FF4807000F034F94FF4007000F030F9E0
:1024E00010BD72B600BFFEE71FB50020009001903E
:1024F0000290039001221102094800F0D1FA4FF432
:102500008070009007480190002002904FF4807185
:10251000034800F04FF86946014800F01FF91FBD5D
:10252000000C0140000031101FB500200090019008
:1025300002900390012211020A4800F0B1FA4FF410
:1025400080700090012001900020029002200390F2
:10255000C101044800F02EF86946024800F0FEF878
:102560001FBD0000000C014010B52C4454B10822DE
:102570000549204602F009FB042203491031304688
:1025800002F003FB10BD00008200002070B504467D
:1025900000F08CFA06462546681C10B10448006815
:1025A000054400BF00F082FA801BA842FAD370BD38
:1025B000C80000202DE9F04102460B46002080E0D3
:1025C0000127874007EA0301002979D0404F4FEAED
:1025D000900C57F82C4087074FEA177C0F2707FA13
:1025E0000CF73C403B4FBA4201D100270FE03A4F75
:1025F000BA4201D101270AE0384FBA4201D102277D
:1026000005E0374FBA4201D1032700E004274FEA23
:10261000807C4FEA1C7C07FA0CF7A74231D1314F7E
:102620003F688F43DFF8BCC0CCF800700CF10407A2
:102630003F688F430CF1040CCCF80070294F0C3725
:102640003F688F43DFF89CC00CF10C0CCCF8007095
:10265000ACF104073F688F43ACF1040CCCF8007078
:1026600087074FEA177C0F2707FA0CF4184F4FEA39
:10267000900C57F82CC02CEA040C4FEA900847F84D
:1026800028C0FF2901D8174600E0171D3D46FF2945
:1026900001D8870002E0A0F10807BF003E462F687E
:1026A0004FF00F0C0CFA06FC27EA0C074FF0040C55
:1026B0000CFA06FC47EA0C072F60D7688F43D760F7
:1026C000401C23FA00F7002F7FF47AAFBDE8F081B9
:1026D0000800014000080140000C014000100140CA
:1026E000001401400004014010B50446B4F5807F99
:1026F00003D0B4F5007F19D109E005F0ABFC0C491B
:102700000968082902D110210A4A11600EE005F07B
:1027100007FD0949096841B9012803D10121074A88
:10272000116002E00021054A116000BF00BF10BD2A
:1027300000000020140000200400002010000020F1
:1027400010B5044604480068204020B102480460E7
:102750002046FFF7C9FF10BD140401402DE9F847DA
:102760000346002294466EE14FF0010808FA02F495
:10277000D1F8008008EA0400A0427DD1DFF8DCA295
:10278000D1F80480A8EB0A09D0453AD014DCB8F19E
:10279000030F50D009DCB8F1000F31D0B8F1010FB0
:1027A0001CD0B8F1020F49D120E0B8F1110F18D0B8
:1027B000B8F1120F42D11EE0B9F5881F25D006DC12
:1027C000B9F5803F20D0B9F5801F37D11AE0B9F5AF
:1027D000001F18D0B9F5041F30D117E0D1F80CC094
:1027E0002DE0D1F80C8008F1040C28E0D1F80C8021
:1027F00008F1080C23E0D1F80C8008F10C0C1EE065
:1028000000BF00BF00BF00BF00BF00BFD1F80880FD
:10281000B8F1000F02D14FF0040C0BE0D1F80880A2
:10282000B8F1010F03D14FF0080C1C6102E04FF02A
:10283000080C5C6103E04FF0000C00E000BF00BF3B
:10284000FF2801D8984601E003F104084646FF2816
:1028500002D84FEA820803E0A2F108084FEA88088C
:102860004746D6F800804FF00F0909FA07F928EA21
:1028700009080CFA07F900E088E048EA0908C6F8F8
:102880000080D1F8048008F08058B8F1805F7DD1D5
:1028900000BFDFF8CC81D8F8188048F00108DFF8D5
:1028A000C091C9F81880C846D8F8188008F0010807
:1028B000CDF8008000BF00BF4FEAB9384FEA920957
:1028C00058F829504FEA82784FEA18794FF00F08EC
:1028D00008FA09F825EA0805DFF88881434502D19E
:1028E0004FF0000816E0DFF88081434502D14FF039
:1028F00001080FE0DFF87481434502D14FF0020870
:1029000008E0DFF86C81434502D14FF0030801E095
:102910004FF004084FEA82794FEA197908FA09F86A
:1029200048EA0505DFF84C814FEA920948F829503A
:10293000D1F8048008F48018B8F5801F0AD1DFF8B8
:102940003881D8F8008048EA0008DFF82C91C9F8EF
:10295000008009E0DFF82081D8F8008028EA00082C
:10296000DFF81491C9F80080D1F8048008F4001849
:10297000B8F5001F10D1DFF8008108F10408D8F87D
:10298000008048EA0008DFF8F09000E05AE009F122
:102990000409C9F800800DE0DFF8DC8008F10408C4
:1029A000D8F8008028EA0008DFF8CC9009F1040983
:1029B000C9F80080D1F8048008F40038B8F5003F69
:1029C0000ED1DFF8B480A8F10408D8F8008048EAF6
:1029D0000008DFF8A490A9F10409C9F800800DE00F
:1029E000DFF89480A8F10408D8F8008028EA0008ED
:1029F000DFF88490A9F10409C9F80080D1F80480B7
:102A000008F48038B8F5803F0ED1DFF86C80A8F16B
:102A10000808D8F8008048EA0008DFF85C90A9F1BF
:102A20000809C9F800800DE0DFF84C80A8F108081B
:102A3000D8F8008028EA0008DFF83C90A9F10809DE
:102A4000C9F80080521CD1F8008028FA02F8B8F1C9
:102A5000000F7FF489AEBDE8F88700000000111078
:102A60000010024000080140000C0140001001402D
:102A70000014014008000140080401400246936828
:102A80000B400BB1012000E00020704710B5C26878
:102A900021EA020302EA010443EA0443036110BD90
:102AA0000AB1016101E00B0403617047014800684D
:102AB00070470000C000002003480068034909680F
:102AC0000844014908607047C0000020C800002089
:102AD00010B50848006840F010000649086003205F
:102AE00000F0ACF8002000F007F800F02BF8002010
:102AF00010BD00000020024070B504460E4800687A
:102B00004FF47A71B1FBF0F00C490968B1FBF0F5B4
:102B1000284601F063FB08B1012070BD102C07D2DC
:102B200000222146501E00F04BF80548046001E0E9
:102B30000120F2E70020F0E7C8000020CC000020D0
:102B4000C400002008B500BF1348806940F00100B0
:102B5000114988610846806900F00100009000BFBB
:102B600000BF00BF0846C06940F08050C8610846F9
:102B7000C06900F08050009000BF00BF052000F049
:102B80005DF800BF0549486820F0E06040F0007043
:102B9000486000BF08BD0000001002400000014076
:102BA00001460846002809DB00F01F0301229A4075
:102BB00043099B0003F1E023C3F8002100BF7047E5
:102BC0002DE9F05F80460D461646002705F08CFA89
:102BD000074639462A46334601F00700C0F1070A86
:102BE000BAF1040F02D94FF0040A01E0C0F1070A5C
:102BF000D14600F1040ABAF1070F02D24FF0000AE1
:102C000001E0A0F1030AD4464FF0010A0AFA09FADA
:102C1000AAF1010A0AEA020A0AFA0CFA4FF0010BB9
:102C20000BFA0CFBABF1010B0BEA030B4AEA0B04AA
:102C30002146404605F060FABDE8F09F00BF00F075
:102C40000702064B19684FF6FF031940044B0B436C
:102C500043EA0221014B196000BF70470CED00E010
:102C60000000FA0570B505460C4604F08000802887
:102C700008D104F0070000EB800605F1280000EB06
:102C8000C60105E004EB840605F5B47000EBC6014F
:102C90001AB900200873CB8004E0012008730B816F
:102CA000180C4881002070BD704770B504460D4671
:102CB00005EB850304F1280101EBC3014A692946AC
:102CC000D4F8F00203F0ACFA70BD70B504460D46BE
:102CD00005EB850304F5B47101EBC3014A6929468C
:102CE000D4F8F00203F01CFB70BD70B504460E462C
:102CF00006F0800080280AD106F0070000EB800172
:102D000004F1280000EBC1050120687009E006F01D
:102D1000070000EB800104F5B47000EBC105002052
:102D2000687006F00700287000BFD4F8A8020128D8
:102D300001D1022070BD0120C4F8A80200BF2946BD
:102D4000206804F0EDF900BF0020C4F8A80200BF1D
:102D500000BFEFE770B504460E4606F00F0061684D
:102D6000884201D9012070BD06F0800080280AD178
:102D700006F0070000EB800104F1280000EBC1051C
:102D80000120687009E006F0070000EB800104F5FF
:102D9000B47000EBC105002068700020A87006F038
:102DA0000700287000BFD4F8A802012801D1022032
:102DB000D9E70120C4F8A80200BF2946206804F022
:102DC0000BFB00BF0020C4F8A80200BF00BFCAE789
:102DD0002DE9F04105460C46174607F480400028CF
:102DE00050D02868B0F85010207801EBC000801C4B
:102DF000296801F5806131F81000C0F30906A06967
:102E0000B04203D3A069801BA06101E00020A06153
:102E1000A069A8B900BF22785200296831F81210C1
:102E20004BF68F7201EA020080F4005040F400413A
:102E300041F0800123785B002A6822F8131000BF5C
:102E400007F04000A8B100BF00BF227852002968F7
:102E500031F8121048F68F7201EA020040F4004186
:102E600041F0C00123785B002A6822F8131000BFEC
:102E700000BF002E55D0228961693346286805F0CD
:102E800083F84EE02868B0F85010207801EBC000BD
:102E9000801D296801F5806131F81000C0F3090632
:102EA000A069B04203D3A069801BA06101E00020AB
:102EB000A061A069A8B900BF22785200296831F842
:102EC00012104BF68F7201EA020080F4005040F4B9
:102ED000004141F0800123785B002A6822F813103A
:102EE00000BF07F04000A8B900BF00BF2278520021
:102EF000296831F8121048F68F7201EA020040F496
:102F0000004141F0C00123785B002A6822F81310C9
:102F100000BF00BF2EB1628961693346286805F0A1
:102F200033F83046BDE8F0812DE9F04705460C4600
:102F3000904608F0400000287ED02868B0F8501075
:102F4000207801EBC000801C296801F5806131F810
:102F50001000C0F30907A069B84203D9A069C01BDB
:102F6000A06101E00020A061A06900287ED100BF1F
:102F70006078C0B900BF29682A68B2F850201144AF
:102F80002278022303EBC20201F5806303EB4200C7
:102F900000BF0288C2F309020280028842F40042A4
:102FA000028000BF13E06078012810D100BF2868BC
:102FB0002A68B2F8502010442278022303EBC202A0
:102FC00000F5806303EB420100220A8000BF00BFCE
:102FD00000BF29686078F8B900BF2B68D5F800C039
:102FE000BCF850C0634494F800C04FF0060909EBE8
:102FF000CC0C03F5806909EB4C0000BFB0F800C0B1
:10300000CCF3090CA0F800C0B0F800C04CF4004CA0
:10301000A0F800C000BF12E0607801280FD1286836
:10302000B0F8500001442078062303EBC00001F5FE
:10303000806303EB400200E0B7E00020108000BF97
:1030400021782846FFF731FE08F48040002816D08A
:1030500000BF00BF22785200296831F8121048F6EC
:103060008F7201EA020040F4004100E008E041F400
:10307000814123785B002A6822F8131000BFD7E152
:1030800008F48040A8B100BF00BF22785200296830
:1030900031F8121048F68F7201EA020040F4004144
:1030A00041F4814123785B002A6822F8131000BFA5
:1030B00000BF94F824000128E1D1606938446061C0
:1030C000E0693844E0612169206A884204D32669B6
:1030D000206A801B20620BE0206A20B93E46002057
:1030E00084F8240004E0002084F82400266A20628A
:1030F00000BF6078E8BB00BF2A682968B1F85010AB
:103100000A442178022303EBC10102F5806303EB3B
:103110004101084600BF0388C3F3090303803E2E24
:1031200010D900BF710906F01F0303B9491E0388B7
:103130004FF4004C4CEA812C1FFA8CFC43EA0C0340
:10314000038014E026B9038843F4004303800EE0B3
:1031500000BF710806F0010303B1491C03884FF654
:10316000FF7C0CEA812C43EA0C03038000BF00BF04
:1031700013E0FFE7607801280FD100BF28682A68B4
:10318000B2F8502010442278022303EBC20200F56B
:10319000806303EB42010E8000BF00BFB3B22289FF
:1031A0006169286804F01FFF42E12868B0F85010F8
:1031B000207801EBC000801D296801F5806131F89D
:1031C0001000C0F30907A069B84203D3A069C01B6F
:1031D000A06101E00020A061A06900287ED100BFAD
:1031E0006078C0B900BF29682A68B2F8502011443D
:1031F0002278022303EBC20201F5806303EB420055
:1032000000BF0288C2F309020280028842F4004231
:10321000028000BF13E06078012810D100BF286849
:103220002A68B2F8502010442278022303EBC2022D
:1032300000F5806303EB420100220A8000BF00BF5B
:1032400000BF29686078F8B900BF2B68D5F800C0C6
:10325000BCF850C0634494F800C04FF0060909EB75
:10326000CC0C03F5806909EB4C0000BFB0F800C03E
:10327000CCF3090CA0F800C0B0F800C04CF4004C2E
:10328000A0F800C000BF10E0607801280DD12868C8
:10329000B0F8500001442078062303EBC00001F58C
:1032A000806303EB40020020108000BF2178284695
:1032B000FFF7FBFC08F48040002816D100BF00BFD8
:1032C00022785200296831F8121048F68F7201EA0C
:1032D000020040F4004141F4814100E006E023781F
:1032E0005B002A6822F8131000BFA1E008F48040B8
:1032F000A8B900BF00BF22785200296831F8121027
:1033000048F68F7201EA020040F4004141F4814125
:1033100023785B002A6822F8131000BF00BF94F8DE
:10332000240001287ED1606938446061E069384436
:10333000E0612169206A884204D32669206A801BE3
:1033400020620BE0206A20B93E46002084F8240069
:1033500004E0266A0020206284F8240000BF2A6866
:10336000607870BB00BFD5F800C02968B1F8501074
:103370008C4421784FF0060909EBC1010CF58069F6
:1033800009EB4101084600BFB0F80090C9F30909F4
:10339000A0F800903E2E15D900BF710906F01F0954
:1033A000B9F1000F00D1491EB0F800904FF4004A67
:1033B0004AEA812A1FFA8AFA49EA0A09A0F8009023
:1033C0001BE01CE036B9B0F8009049F40049A0F8C1
:1033D000009012E000BF710806F00109B9F1000F7A
:1033E00000D0491CB0F800904FF6FF7A0AEA812A13
:1033F00049EA0A09A0F8009000BF00BF0FE060781A
:1034000001280CD12868B0F8500002442078062129
:1034100001EBC00002F5806101EB40031E8000BF9C
:10342000B3B200E004E062896169286804F0DBFD62
:1034300000BF22785200296831F8121048F6BF7296
:1034400001EA020080F0100080F0200040F400410A
:1034500041F0800223785B00296821F8132000BF27
:103460000020BDE8F087024601F0070000EB800372
:1034700002F5B47000EBC300C06970472DE9F04756
:1034800005460E4690461F464FF0000906F08000A4
:1034900080280AD106F0070000EB800105F1280022
:1034A00000EBC1040120607009E006F0070000EBAA
:1034B000800105F5B47000EBC1040020607006F0D7
:1034C00007002070C4F81080E770022F01D100209F
:1034D000207100BFD5F8A802012802D10220BDE862
:1034E000F0870120C5F8A80200BF2146286803F034
:1034F00075FB00BF0020C5F8A80200BF4846EEE7F4
:103500002DE9F04105460E461746984606F007009D
:1035100000EB800105F5B47000EBC1046761C4F8ED
:1035200018800020E061607006F0070020702146DE
:10353000286803F0ECFF0020BDE8F08170B5044678
:103540000D4605F007006168884201D9012070BD71
:1035500005F0800080280AD105F0070000EB80010B
:1035600004F1280000EBC1060120707007E005EBB4
:10357000850104F5B47000EBC106002070700120D5
:10358000B07005F00700307000BFD4F8A802012821
:1035900001D10220DBE70120C4F8A80200BF3146B8
:1035A000206803F086FF05F0070020B904F52D71AF
:1035B000206803F00EFF00BF0020C4F8A80200BF7F
:1035C00000BFC4E72DE9F04105460E4690461F4670
:1035D00006F0070000EB800105F1280000EBC104B4
:1035E000C4F81480A761012084F824002762002019
:1035F000E0610120607006F0070020702146286815
:1036000003F085FF0020BDE8F0817FB50446206807
:1036100004F0B6FC064606F40040B0F5004F03D1B6
:10362000204601F0C3FD7FBD06F48060B0F5806FD9
:1036300010D12068B0F844004FF6FF3108402168EF
:10364000A1F84400204600F08DF90021204600F04A
:10365000A9F9E8E706F48040B0F5804F09D1206869
:10366000B0F844004BF6FF7108402168A1F844000F
:10367000D9E706F40050B0F5005F09D12068B0F832
:1036800044004DF6FF7108402168A1F84400CAE7E4
:1036900006F48050B0F5805F1ED12068B0F840007D
:1036A0004FF6FB7108402168A1F840002068B0F88F
:1036B00040004FF6F77108402168A1F8400020460D
:1036C00000F062F92068B0F844004EF6FF7108403F
:1036D0002168A1F84400A6E706F40060B0F5006F89
:1036E00056D1002507E06900206830F811002DF858
:1036F0001500681CC5B2082DF5D32068B0F840004D
:1037000040F001002168A1F840002068B0F84000B6
:103710004FF6FE7108402168A1F8400000BF206804
:10372000B0F8440000F480600028F8D02068B0F8B9
:1037300044004FF6FF3108402168A1F844000025FD
:1037400007E03DF815006A00216821F81200681CA6
:10375000C5B2082DF5D32068B0F8400040F008004D
:103760002168A1F840002068B0F844004FF2FF71D2
:1037700008402168A1F844002068B0F8400040F0FB
:1037800004002168A1F84000204600F04DF94AE706
:1037900006F40070B0F5007F0CD12068B0F844004A
:1037A0004FF6FF5108402168A1F84400204600F080
:1037B000F2F838E706F48070B0F5807F09D1206810
:1037C000B0F844004FF6FF6108402168A1F84400BA
:1037D00029E700BF27E730B585B0044614B90120BA
:1037E00005B030BDD4F8AC0228B90020C4F8A80256
:1037F000204600F095F80320C4F8AC02206803F0DE
:10380000DEFD142204F110016846FCF7E6FE94E8A0
:103810000F0003F081FC20B10220C4F8AC020120AB
:10382000DEE70021206804F0D4FB00252AE0012116
:1038300005EB850204F1280000EBC200417005EBA6
:10384000850104F1280000F83150002105EB8502C4
:1038500000EBC200C17005EB850204F1280000EB0B
:10386000C200016105EB850204F1280000EBC200F3
:10387000416105EB850204F1280000EBC200816183
:10388000681CC5B26068A842D1D800252AE0002192
:1038900005EB850204F5B47000EBC200417005EB46
:1038A000850104F5B47000F83150002105EB850264
:1038B00000EBC200C17005EB850204F5B47000EBAB
:1038C000C200016105EB850204F5B47000EBC20093
:1038D000416105EB850204F5B47000EBC200816123
:1038E000681CC5B26068A842D1D8142204F1100146
:1038F0006846FCF772FE94E80F0003F055FD20B116
:103900000220C4F8AC0201206AE7002084F82400F9
:103910000120C4F8AC02206803F043FD00205FE7FB
:1039200038B504460D492068884215D100BF0C48BF
:10393000C06940F400000A49C8610846C06900F443
:103940000000009000BF00BF002211461420FFF7C6
:1039500037F91420FFF724F938BD0000005C00405F
:103960000010024070B504460125A068022801D06D
:10397000FEF7B7FD2946D4F8F00202F005FED4F8B0
:10398000F00202F0B7FD70BD10B50446D4F8F002A5
:1039900002F0DEFD10BD10B50446D4F8F00202F0CE
:1039A000E2FD10BD70B504460D4600BFD4F8A80274
:1039B000012801D1022070BD0120C4F8A80200BF77
:1039C00084F824502946206804F006FB00BF00203C
:1039D000C4F8A80200BF00BFEDE710B5044604F527
:1039E0002D71D4F8F00202F0E6FD10BD10B50446CA
:1039F00000BFD4F8A802012801D1022010BD012087
:103A0000C4F8A80200BF206804F0A9FA01212046EA
:103A1000FFF74AF9206803F0C1FC00BF0020C4F89A
:103A2000A80200BF00BFE9E710B50446D4F8F002D1
:103A300002F01AFEA06928B10348006840F00600B1
:103A40000149086010BD000010ED00E0F8B5044623
:103A500000260025207800F0010000286BD0002708
:103A60004348C06900F0805070B900BF4048C06949
:103A700040F080503E49C8610846C06900F080505F
:103A8000009000BF00BF01273A48006800F4807032
:103A9000B0B93848006840F4807036490860FFF7D4
:103AA00005F8064606E0FFF701F8801B642801D9F7
:103AB0000320F8BD2F48006800F480700028F2D081
:103AC0002B48006A00F440752DB3A08800F44070C4
:103AD000A84220D02648006A20F4407501202649DB
:103AE0000860002008602248056205F0010090B1DE
:103AF000FEF7DCFF064608E0FEF7D8FF801B41F228
:103B00008831884201D90320D3E71948006A00F0C0
:103B100002000028F0D01648006A20F44070616866
:103B2000084313490862012F04D10846C06920F0F8
:103B30008050C86100BF207800F00200022807D141
:103B40000B48406820F44040A16808430849486099
:103B5000207800F01000102807D10548406820F4B4
:103B60008000E1680843024948600020A1E70000A6
:103B700000100240007000404004424270B504460C
:103B80000D460CB9012070BD5A48006800F00700CE
:103B9000A8420ED25748006820F007002843554934
:103BA00008600846006800F00700A84201D0012024
:103BB000E9E7207800F0020002281DD1207800F00B
:103BC0000400042805D14C48406840F4E0604A49AC
:103BD0004860207800F00800082805D14648406871
:103BE00040F46050444948604348406820F0F00089
:103BF000A168084340494860207800F0010078B38C
:103C00006068012806D13C48006800F4003090B993
:103C10000120B8E76068022806D13748006800F044
:103C2000007040B90120AEE73348006800F00200A0
:103C300008B90120A7E73048406820F00300616818
:103C400008432D494860FEF731FF064609E0FEF7BC
:103C50002DFF801B41F28831884202D9032092E770
:103C600007E02548406800F00C006168B0EB810F68
:103C7000EDD12048006800F00700A8420ED91D4889
:103C8000006820F0070028431A49086008460068C9
:103C900000F00700A84201D0012074E7207800F06E
:103CA0000400042807D11448406820F4E060E1686B
:103CB000084311494860207800F00800082808D11E
:103CC0000D48406820F46050216940EAC1000A496B
:103CD000486000F019F808494968C1F30311074A20
:103CE000515CC8400649086006480068FEF704FFBA
:103CF000002048E70020024000100240D28C00085B
:103D0000CC000020C400002070B500210022002457
:103D100000230020134D696801F00C05F5B1042D56
:103D200002D0082D19D101E00F4819E00F4DC1F361
:103D30008346AB5D01F4803555B10A4D6D68C5F31E
:103D400040450B4E725D084D5D43B5FBF2F402E059
:103D5000084D03FB05F4204602E000BF024800BF07
:103D600000BF70BD0010024000127A00C08C000835
:103D7000D08C000800093D00F8B504460CB90120BC
:103D8000F8BD207800F00100002878D0F84840689D
:103D900000F00C0004280CD0F548406800F00C003E
:103DA000082811D1F248406800F48030B0F5803F17
:103DB0000AD1EF48006800F4003000285FD0606846
:103DC00000285CD10120DBE700BF6068B0F5803FD0
:103DD00006D1E748006840F48030E549086028E0F3
:103DE000606858B9E248006820F48030E049086013
:103DF0000846006820F4802008601AE06068B0F58A
:103E0000A02F0BD1DA48006840F48020D849086020
:103E10000846006840F4803008600AE0D448006832
:103E200020F48030D24908600846006820F48020E1
:103E3000086000BF606888B1FEF738FE054606E0FE
:103E4000FEF734FE401B642801D9032098E7C848D8
:103E5000006800F400300028F2D010E0FEF726FEE3
:103E6000054606E0FEF722FE401B642801D9032028
:103E700086E7BF48006800F400300028F2D12078BF
:103E800000F00200022857D1B948406800F00C0049
:103E900050B1B748406800F00C00082818D1B44869
:103EA000406800F4803098B9B148006800F0020022
:103EB00020B12069012801D0012061E7AC480068E9
:103EC00020F0F800616940EAC100A949086033E0C8
:103ED0002069E8B10120A7490860FEF7E7FD054623
:103EE00006E0FEF7E3FD401B022801D9032047E767
:103EF0009F48006800F002000028F2D09C4800684B
:103F000020F0F800616940EAC1009949086013E0B7
:103F1000002098490860FEF7C9FD054606E0FEF757
:103F2000C5FD401B022801D9032029E790480068FD
:103F300000F002000028F2D1207800F008000828E4
:103F40002DD1A069B8B101208B490860FEF7AEFD04
:103F5000054606E0FEF7AAFD401B022801D9032012
:103F60000EE78348406A00F002000028F2D00120EA
:103F700001F096FB13E000207F490860FEF796FDF4
:103F8000054606E0FEF792FD401B022801D90320FA
:103F9000F6E67748406A00F002000028F2D1207867
:103FA00000F00400042873D100277148C06900F0B4
:103FB000805070B900BF6E48C06940F080506C49B5
:103FC000C8610846C06900F08050009000BF00BF83
:103FD00001276A48006800F48070B0B9674800683B
:103FE00040F4807065490860FEF760FD054606E014
:103FF000FEF75CFD401B642801D90320C0E65F4842
:10400000006800F480700028F2D000BFE06801284A
:1040100006D15748006A40F001005549086227E080
:10402000E06858B95248006A20F00100504908621F
:104030000846006A20F00400086219E0E0680528DC
:104040000BD14B48006A40F0040049490862084619
:10405000006A40F0010008620AE04548006A20F06A
:104060000100434908620846006A20F00400086223
:1040700000BFE068A0B1FEF719FD054609E0FEF7B4
:1040800015FD401B41F28831884202D9032077E6B2
:1040900022E03748006A00F002000028EFD012E06A
:1040A000FEF704FD054608E0FEF700FD401B41F267
:1040B0008831884201D9032062E62D48006A00F069
:1040C00002000028F0D1012F05D12948C06920F055
:1040D00080502749C86100BFE069C8B324484068E0
:1040E00000F00C00082860D0E069022848D10020C8
:1040F00020490866FEF7DAFC054606E0FEF7D6FC26
:10410000401B022801D903203AE61948006800F054
:1041100000700028F2D1206AB0F5803F07D1144822
:10412000406820F40030A168084311494860D4E990
:10413000080108430E49496821F4741108430C49E9
:10414000486001200B490866FEF7B0FC054607E011
:104150003DE0FEF7ABFC401B022801D903200FE62F
:104160000348006800F000700028F2D02FE0000043
:1041700000100240000042428004424200700040B1
:10418000002014490866FEF791FC054606E0FEF79C
:104190008DFC401B022801D90320F1E50E48006880
:1041A00000F000700028F2D111E0E069012800D190
:1041B000E6E50948466806F48031206A814204D168
:1041C00006F47011606A814201D00120D8E5002018
:1041D000D6E50000000042420010024070B50446DF
:1041E0002546681EB0F1807F01D301200FE0681ED4
:1041F0004FF0E02148610F214FF0FF3003F07CFFCA
:1042000000204FF0E021886107200861002070BD88
:104210007047704730B502460B4600BFD06B01288F
:1042200001D1022030BD0120D06300BF0220106404
:10423000106844681068816824F0700418680443AA
:10424000106844600E4D1068A8420BD01068B0F1A1
:10425000804F07D00B4D1068A84203D00A4D10685C
:10426000A84205D121F0800158680143106881609F
:104270000120106400BF0020D06300BF00BFD1E761
:10428000002C0140000400400008004010B5044626
:104290000CB9012010BD206C20B90020E06320463D
:1042A00000F018F802202064211D206801F070FA47
:1042B0000120606600BF60640121A164E1642165A2
:1042C00000BF00BF6065A165E165216600BF206495
:1042D0000020DFE738B504462068B0F1804F16D1E2
:1042E00000BF1848C06940F001001649C86108467F
:1042F000C06900F00100009000BF00BF002211461D
:104300001C20FEF75DFC1C20FEF74AFC19E00E495C
:104310002068884215D100BF0A48C06940F00200F9
:104320000849C8610846C06900F00200009000BF5B
:1043300000BF002211461D20FEF742FC1D20FEF7A3
:104340002FFC38BD00100240000400400146086CFC
:10435000012801D00120704702200864124B086830
:1043600098420BD00868B0F1804F07D00F4B086817
:10437000984203D00E4B086898420CD108688068B8
:1043800000F00702062A0CD00868006840F001001F
:104390000B68186005E00868006840F001000B68D1
:1043A00018600020D7E70000002C01400004004006
:1043B000000800400146086C012801D00120704728
:1043C000022008640868C06840F001000B68D860EB
:1043D000124B086898420BD00868B0F1804F07D0A4
:1043E0000F4B0868984203D00E4B086898420CD1D6
:1043F0000868806800F00702062A0CD00868006888
:1044000040F001000B68186005E00868006840F0A3
:1044100001000B6818600020D1E70000002C01406B
:104420000004004000080040014600BF0868006A20
:1044300041F21112104050B90868006A9210104001
:1044400028B90868006820F001000A68106000BF01
:10445000012008640020704701460868C06820F009
:1044600001000A68D06000BF0868006A41F21112BA
:10447000104050B90868006A9210104028B90868C6
:10448000006820F001000A68106000BF0120086485
:10449000002070472DE9F04104460D46002700BF7B
:1044A000E06B012802D10220BDE8F0810120E06329
:1044B00000BF022020642068866826F0770626F474
:1044C0007F46206886602868502833D00CDC20287E
:1044D00050D004DC00284BD0102851D149E03028BE
:1044E00049D040284CD139E060282DD0702807D021
:1044F000B0F5805F03D0B0F5005F41D10DE041E041
:10450000D5E902136A68206801F07CF920688668A2
:1045100046F077062068866034E0D5E902136A68C1
:10452000206801F06FF92068806840F480402168BD
:10453000886027E0EA686968206801F077F950210F
:10454000206801F06AF91DE0EA686968206801F0F6
:1045500080F96021206801F060F913E0EA68696879
:10456000206801F063F94021206801F056F909E064
:1045700000BF00BF00BF2968206801F04EF901E0CC
:10458000012700BF00BF0120206400BF0020E063BE
:1045900000BF384688E7704710B5044620680069B8
:1045A000C0F34000D8B12068C068C0F34000B0B18B
:1045B0006FF00200216808610120E06120688069D5
:1045C00000F0030018B12046FFF7E5FF05E02046A4
:1045D00000F0ADF8204600F0ABF80020E061206864
:1045E0000069C0F38000D8B12068C068C0F38000C3
:1045F000B0B16FF00400216808610220E06120681A
:10460000806900F4407018B12046FFF7C4FF05E050
:10461000204600F08CF8204600F08AF80020E06187
:1046200020680069C0F3C000D8B12068C068C0F33A
:10463000C000B0B16FF00800216808610420E0619B
:104640002068C06900F0030018B12046FFF7A3FFFF
:1046500005E0204600F06BF8204600F069F80020E5
:10466000E06120680069C0F30010D8B12068C0681C
:10467000C0F30010B0B16FF010002168086108208D
:10468000E0612068C06900F4407018B12046FFF76F
:1046900082FF05E0204600F04AF8204600F048F886
:1046A0000020E0612068006900F0010058B1206836
:1046B000C06800F0010030B16FF0010021680861AE
:1046C000204600F037F820680069C0F3C01058B1E8
:1046D0002068C068C0F3C01030B16FF0800021685E
:1046E00008612046FFF794FD20680069C0F3801040
:1046F00058B12068C068C0F3801030B16FF040003E
:1047000021680861204600F03DFA20680069C0F386
:10471000401058B12068C068C0F3401030B16FF04D
:104720002000216808612046FFF773FD10BD704727
:104730007047000070B50646FE48006809287DD223
:10474000DFE800F005080B7CE47C7C7CF20001F0E3
:1047500003F813E201F000F810E2F748006810B91E
:1047600000F0FAFFD1E0F4480068012803D10220EC
:10477000F1490860C9E0F0480068022861D1EF48BB
:10478000006801281BD1EE48017801208840C1173C
:10479000EC4AD2E9003218401140002358405940F9
:1047A000084304D0E548006803F082FC03E0E348D6
:1047B000006803F061FC0220E049086023E0DF4864
:1047C000006802281FD1DE48017801208840C11707
:1047D000DC4AD2E9003218401140002358405940C9
:1047E000084304D0D548006803F062FC03E0D348D6
:1047F000006803F041FC0120D0490860D0480068FF
:10480000401CCF490860CE480068CF4909688842FB
:104810007BD172B6002007E0CC490968C1F3402182
:10482000CB4A22F81010401CB0F5FA6FF4DB62B6E8
:104830000420C14908600020C04900E09BE10860F5
:1048400063E0BD48006804280DD1BC48006803F04F
:104850002FFC03F009FC0021BA4A116051600820C6
:10486000B549086051E0B4480068082806D1102016
:10487000B14908600420B149086046E0AE480068CC
:10488000102809D1B24803F05DFC2020AA49086035
:104890000020AA49086038E0A7480068202833D1E2
:1048A00003F0E6FBA548006803F002FCA548046895
:1048B0000D220C21006804F09DF9044617220E21F8
:1048C000A048006804F096F904461B2218219D4870
:1048D000006804F08FF90446C4F30A009D4908807B
:1048E000C4F3CC204880200E888040209249086084
:1048F000012D03D101209849086002E0002096496B
:10490000086000F029FF00E000BF37E18A48006836
:1049100010B900F021FF79E087480068012804D130
:1049200002208549086071E071E083480068022830
:104930004FD18248006801281BD1814801780120AD
:104940008840C1177F4AD2E9003218401140002345
:1049500058405940084304D07848006803F0A8FB49
:1049600003E07648006803F087FB02207349086083
:1049700022E07248006802281ED1714801780120A7
:104980008840C1176F4B0CCB104019400023584092
:104990005940084304D06948006803F089FB03E0EC
:1049A0006648006803F068FB0120644908606448B9
:1049B0000068401C624908606148006862490968F3
:1049C000884223D104205C49086000205B490860CC
:1049D0001CE05948006804280DD15848006803F0CD
:1049E00067FB03F041FB0020564A1060506008202E
:1049F000514908600AE050480068082805D1402065
:104A00004D49086000F0A8FE00E000BFB6E04A484B
:104A1000006810B900F0A0FEACE04748006801282B
:104A200003D1022044490860A4E0434800680228FA
:104A300050D14248006801281BD14148017801202B
:104A40008840C1173F4AD2E9003218401140002384
:104A500058405940084304D03848006803F028FB08
:104A600003E03648006803F007FB02203349086082
:104A700023E03248006802281FD131480178012024
:104A80008840C1172F4AD2E9003218401140002354
:104A900058405940084304D02848006803F008FBF8
:104AA00003E02648006803F0E7FA01202349086084
:104AB00023480068401C22490860214800682249B8
:104AC0000968884256D104201B49086000201B4910
:104AD00008604FE018480068042811D117480068A2
:104AE00003F0E6FA03F0C0FA0021164A11605160A3
:104AF000082011490860FDF7D9FF1849086039E01E
:104B00000D480068082834D10C480068102807D1E7
:104B100040200949086002201149086000F01CFE8D
:104B2000FDF7C4FF0D490968401A642822D94020C6
:104B3000014917E0040000200000002014000020BC
:104B4000340000202000002038000020080C014024
:104B5000E401002008000020100000204400002094
:104B600018000020086001200549086000F0F4FDED
:104B700000E000BF02E000F0EFFD00BF00BF70BD2D
:104B800018000020704700BFFEE730B50B4600213B
:104B900000BF16E00A24B4EB107F05D9302404EBE3
:104BA000107403F8114005E0412404EB10740A3C32
:104BB00003F81140000100254C00641C1D554C1CDD
:104BC000E1B29142E6DB30BD00B585B00020019036
:104BD00002900390049000BF3D48806940F020009F
:104BE0003B4988610846806900F02000009000BFC2
:104BF00000BF00BF0846806940F004008861084695
:104C0000806900F00400009000BF00BF00BF0846AC
:104C1000806940F0080088610846806900F008005B
:104C2000009000BF00BF00BF0846806940F0100040
:104C300088610846806900F01000009000BF00BF46
:104C4000002289152348FDF72BFF00224FF4005165
:104C50002148FDF725FF4FF4C0700190012002901C
:104C600000200390022004904FF4C0711948FDF712
:104C7000A1FC01A91748FDF771FD4FF400700190E8
:104C80000020029003904FF400711248FDF792FC4F
:104C900001A91048FDF762FD002211461720FDF71B
:104CA0008FFF1720FDF77CFF4FF40050019001208B
:104CB0000290002003900220049001030648FDF7B3
:104CC00079FC01A90448FDF749FD05B000BD0000CD
:104CD00000100240000C01400010014000B587B0F8
:104CE00000200390049005900690019002904FF0F0
:104CF00080401349086047204860002110488160C7
:104D00000921C160002101618161FFF7BFFA08B18B
:104D1000FDF7E7FB4FF48050039003A90848FFF725
:104D2000B9FB08B1FDF7DDFB00200190029001A95D
:104D30000348FFF76FFA08B1FDF7D3FB07B000BDDA
:104D40008411002010B51A48006820F47F2018490B
:104D500008600846006840F44C3008601448083089
:104D600000681349083108600846006808600A2096
:104D7000FDF70CFC00220F490F4801F012FA08B1B0
:104D8000FDF7AFFB0D490C4801F0A4FC08B1FDF79D
:104D9000A8FB0B49084800F0A2FE08B1FDF7A1FBF3
:104DA000054801F061FD08B1FDF79BFB10BD000057
:104DB000040801404C00002054120020E0000020B4
:104DC000B000002000BFFEE700BFFEE710B503F013
:104DD0004FF900201249086012490860084600682F
:104DE00003F04AF9332100200F4AC2E900100120E4
:104DF0000E49086008200E49086001200949086032
:104E000000200C49086006200B49086000200B496F
:104E100008600D200A49086000F0A8FC10BD0000E1
:104E200018000020140000202000002000000020B6
:104E30000400002034000020380000203C00002046
:104E40004000002010B5002211460F2003F0EAFEBA
:104E500000F06CF96420FDF799FB00BF5A48006828
:104E60004028FBD159A002F011F900F027F9642085
:104E7000FDF78CFB4FF400715B48FDF7FFFD28B197
:104E8000012251035948FDF70BFE05E000224FF4C3
:104E900000515648FDF704FE4FF400515348FDF70A
:104EA000EDFD08BB012200210F2003F0BBFE00F046
:104EB0003DF96420FDF76AFB00BF434800684028C5
:104EC000FBD14BA002F0E2F800F0F8F86420FDF707
:104ED0005DFB4FF400714448FDF7D0FD28B101227D
:104EE00051034248FDF7DCFD05E000224FF400517C
:104EF0003E48FDF7D5FD4FF400513C48FDF7BEFD9F
:104F0000002825D000F0DAF86420FDF73FFB00BF51
:104F10002D4800684028FBD13C48007900F00F0084
:104F20000F2809D139480079C0F3001020B937485B
:104F30000078C0F3400040B10020234908603449A4
:104F4000086034A002F0A2F810BD3BA002F09EF869
:104F5000FFF73CFF00BF3C4800680028FBD03A4800
:104F60000068012808D10020174908602849086016
:104F700036A002F08BF8E7E733480068022802D138
:104F80003AA002F083F86420FDF700FB0122002123
:104F9000022003F047FE00F0C9F86420FDF7F6FA9E
:104FA00000BF094800684028FBD133A002F06EF82A
:104FB00000F084F836A002F069F800200249086089
:104FC0001349086000BFBFE700000020D0B4C1E96A
:104FD000C3F4B6C8CEAA31352020BCABD0D4B7B408
:104FE000CFF20D0A00000000000C0140001001404B
:104FF000D0B4C1E9C3F4B6C8CEAA31352020BCABC9
:10500000D0D4D5FDCFF20D0A00000000080000202A
:1050100004000020D0B4C1E9C3F4B6C8CAA7B0DC0C
:1050200020C7EBC8B7C8CFD4DAC0B6B5C6C3F0CA7C
:10503000B1B6C1C8A10D0A00D0B4C1E9C3F4B6C865
:10504000B3C9B9A60D0A000018000020D0A3D7BC30
:10505000CAA7B0DC20BCECB2E9CAD4B9DCCEBBD65E
:10506000C3CAC7B7F1B9FDD4B60D0A00D0A3D7BCE7
:10507000B3C9B9A60D0A0000D0B4C1E9C3F4B6C8DB
:10508000CEAA3220BCABD0D4D5FDCFF20D0A0000A1
:10509000D2C6BFAACAD4B9DC20C0B6C9ABD6B8CA7A
:1050A000BEB5C6C3F0B5F4BAF320B7A2CBCDB6C136
:1050B000C8A1D6B8C1EE52520D0A000010B502F0D8
:1050C000D7FF0020114908600846006802F0D4FFAD
:1050D000232100200E4AC2E9001001200D4908607A
:1050E00002200D49086001200849086000200B4992
:1050F000086006200A49086000200A490860252047
:105100000949086000F032FB10BD000014000020C7
:1051100020000020000000200400002034000020B7
:10512000380000203C0000204000002010B502F0B4
:105130009FFF0020144908600846006802F09CFFA9
:1051400013210020114AC2E90010114603C9104A78
:10515000126810430D4A03C201200E490860042062
:105160000D49086001200849086000200B490860CB
:105170000C200B49086000200A4908600A490860B1
:1051800000F0F4FA10BD0000140000202000002000
:105190003000002000000020040000203400002027
:1051A000380000203C000020400000202DE9F05F86
:1051B00005466AE22868B0F844A00AF00F07002FFD
:1051C0007DD10AF01000B0BB00BF2968098848F6FD
:1051D0000F7201EA020040F400412A68118000BF0A
:1051E00005F128042868B0F85010207801EBC000C1
:1051F000801C296801F5806131F81000C0F30900B6
:10520000E061E16960690844606100212846FDF7BA
:105210004CFD95F824000028CBD0A0690028C8D107
:1052200095F8240040F080002968A1F84C00002087
:1052300085F8240029E2FFE705F5B474286806889C
:1052400006F4006030B32868B0F85010207801EB05
:10525000C000801D296801F5806131F81000C0F39D
:105260000900E061A18B8BB2E28805F52D712868F9
:1052700002F08AFE00BF2968098840F68F7201EAB1
:10528000020040F080012A68118000BF2846FEF726
:10529000A4FBFAE106F4004000288AD000BF296888
:1052A000098840F68F7201EA020040F080012A6806
:1052B000118000BF2868B0F85010207800E07AE034
:1052C00001EBC000801D296801F5806131F81000F4
:1052D000C0F30900E061E06990B1606980B1B4F8A1
:1052E0001CC01FFA8CF3E2886169286802F04CFE4A
:1052F000E16960690844606100212846FDF7E5FC2A
:105300002868068806F40060002893D106F440500F
:10531000B0F5405F8ED000BF2A682968B1F8501000
:105320000A4402F20C41084600BF0388C3F3090394
:10533000038023693E2B12D900BF23695909237CBE
:1053400003F01F0303B9491E03884FF4004C4CEAD5
:10535000812C1FFA8CFC43EA0C03038017E02369BD
:1053600023B9038843F40043038010E000BF23699E
:105370005908237C03F0010303B1491C03884FF64D
:10538000FF7C0CEA812C43EA0C03038000BF00BFC2
:1053900000BF00BF296809884BF68F7201EA02003E
:1053A00080F4805080F4005040F4004141F08001CE
:1053B0002A68118069E17900286830F8116006F4E4
:1053C000004000286FD000BF7A00296831F8121021
:1053D00040F68F7201EA020040F080017B002A68EB
:1053E00022F8131000BF07EB870105F5B47000EB3E
:1053F000C104207BB8B92868B0F85010207801EBC0
:10540000C000801D296801F5806131F81000C0F3EB
:105410000908B8F1000F5ED0E28861694346286848
:1054200002F0B2FD57E0E078022806D1324621466C
:105430002846FDF7CDFC80464DE000BF00BF227836
:105440005200296831F8121048F68F7201EA020002
:1054500040F4004141F0C00123785B002A6822F843
:10546000131000BF00BF21784900286830F81100F0
:1054700000F48040C0B12868B0F85010207801EBEB
:10548000C000801C296801F5806131F81000C0F36C
:105490000908B8F1000F1ED02289616943462868C7
:1054A00002F072FD17E02AE02868B0F8501020786A
:1054B00001EBC000801D296801F5806131F8100002
:1054C000C0F30908B8F1000F05D06289616943464D
:1054D000286802F059FDE0694044E0616069404499
:1054E0006061A06910B12069404504D9217828463F
:1054F000FDF7EBFB03E02146286802F008F806F010
:105500008000002876D007EB870105F1280000EB2A
:10551000C10400BF7A00296831F8121048F60F72F2
:1055200001EA020040F400417B002A6822F81310CF
:1055300000BFE078012876D10020A061207B002800
:105540006BD006F0400080B300BF6078C0B900BFE8
:1055500029682A68B2F8502011442278022303EB0C
:10556000C20201F5806303EB420000BF0288C2F370
:1055700009020280028842F40042028000BF13E068
:105580006078012810D100BF28682A68B2F850203E
:1055900010442278022303EBC20200F5806303EB80
:1055A000420100220A8000BF37E0FFE700BF296800
:1055B000607800BB00BF2B68D5F800C0BCF850C0B5
:1055C000634494F800C04FF0060B0BEBCC0C03F5D2
:1055D000806B0BEB4C0000BFB0F800C0CCF3090CA3
:1055E000A0F800C0B0F800C04CF4004CA0F800C017
:1055F00000BF11E049E0607801280DD12868B0F8BB
:10560000500001442078062303EBC00001F58063BD
:1056100003EB40020020108000BF21782846FDF7F0
:1056200044FB32E0FFE706F4807048BB2868B0F81E
:105630005010207801EBC000801C296801F58061C2
:1056400031F81000C0F30909A069484504D9A069E0
:10565000A0EB0900A06101E00020A061A06920B9D1
:1056600021782846FDF721FB0FE06069484460611E
:10567000E0694844E0612146286801F048FF04E001
:10568000324621462846FDF74FFC2868B0F8440012
:1056900000F4004000287FF48DADBDE8F09F704716
:1056A00008B508490968C9084FF47A72B1FBF2F1EC
:1056B0004143009100BF00BF00994A1E009200299B
:1056C000F9D108BDCC000020704710B5FDF7F4F902
:1056D00010BD00B593B0282109A8FAF7D2FF142114
:1056E00004A8FAF7CEFF00200090019002900390EA
:1056F0000120099000040A9000200B9001200D90D9
:1057000002201090C10311914FF4E011129109A8E9
:10571000FEF732FB08B1FCF7E4FE0F2004900220F4
:105720000590002006904FF48060079000200890BC
:10573000022104A8FEF722FA08B1FCF7D2FE1020DD
:105740000090002003906846FEF780F908B1FCF74E
:10575000C8FE13B000BD704710B50348FEF77CFECD
:105760000148FEF761FE10BD8411002010B503480A
:10577000FEF720FE0148FEF7E9FD10BD8411002070
:1057800010B50248FEF708FF10BD0000841100208C
:1057900010B50268184B984208D0B0F1804F05D080
:1057A000164B984202D0164B984203D122F0700259
:1057B0004B681A43104B984208D0B0F1804F05D087
:1057C0000E4B984202D00E4B984203D122F4407205
:1057D000CB681A4322F080034C6943EA040202605A
:1057E0008B68C3620B688362034B984201D10B69DB
:1057F00003630123436110BD002C014000040040FD
:105800000008004030B50C46816821F47F4142EA2F
:10581000032525432943816030BD0A46816821F074
:10582000700142F0070319438160704730B50B46A1
:105830001446026A056A25F001050562816921F0B6
:10584000F00141EA041122F00A021A438161026266
:1058500030BD30B50B461446026A056A25F01005C6
:105860000562816921F4704141EA043122F0A0020D
:1058700042EA03128161026230BD2DE9F041044623
:105880000D46D4F8B862D4F8C072D4F8B80278B330
:1058900005EB850104F1140000EB8100806808B37A
:1058A00005EB850104F1140000EB810005EB850296
:1058B000816807F1280000EBC2000069B1FBF0F23B
:1058C00000FB121070B9002105EB850204F11400F1
:1058D00000EB8200816000231A462946204600F032
:1058E000CDFE02E00020C6F814020020BDE8F081E1
:1058F000FFE70220FAE770B504460E46D4F8B85226
:105900003146204600F05FFDC5F80C02D4F8B8021D
:1059100048B1D5F80402D4F8BC12CA6805F5037181
:105920009047002070BD0220FCE770B504460E468B
:1059300000258121204600F060FC0021E162012168
:10594000204600F05AFC0021C4F86C118221204648
:1059500000F053FC00212164D4F8B80250B1D4F80F
:10596000BC1248688047D4F8B80201F030F9002032
:10597000C4F8B802284670BD70B50546D5F8B842DF
:10598000D5F8BC0278B194F80002FF280BD094F847
:10599000012294F80002D5F8BC128B682146984782
:1059A000FF2084F80002002070BD000001460A209C
:1059B0000880014870470000D400002001464320C1
:1059C00008800148704700005C0100200146432028
:1059D000088001487047000018010020014643205C
:1059E0000880014870470000A00100202DE9F04127
:1059F00004460F460026206988B94FF4007302223E
:105A00008121204600F046FD0121E1624B02022285
:105A1000204600F03FFD0121C4F86C110FE0402347
:105A200002228121204600F035FD0121E162402360
:105A30000222204600F02EFD0121C4F86C1108233B
:105A400003228221204600F025FD012121644FF42C
:105A5000077001F0BDF8C4F8B802D4F8B80208B96C
:105A600001261CE0D4F8B852D4F8BC12086880476C
:105A70000020C5F81402C5F81802206940B94FF497
:105A8000007301212046D5F8042200F01BFD06E03A
:105A9000402301212046D5F8042200F013FD3046B2
:105AA000BDE8F08170B50446D4F8B852D4F8B80215
:105AB00098B1206940B94FF4007301212046D5F810
:105AC000042200F0FFFC06E0402301212046D5F827
:105AD000042200F0F7FC002070BD0220FCE7024623
:105AE000022011B1C2F8BC12002070470246D2F861
:105AF000B832C3F804120020704710B50346D3F83B
:105B0000B842C4F80812C4F81022002010BD2DE9D4
:105B1000FC4105460C46D5F8B86200200190009083
:105B20000027207800F0600040B320285FD1E08893
:105B3000E0B1207800F0800060B1E2886078D5F8AC
:105B4000BC128B6831469847E2883146284600F0FF
:105B5000E6F812E0607886F80002A07986F8010283
:105B6000E2883146284600F0B9F806E06078D5F8BA
:105B7000BC1200228B68214698473EE0607820B135
:105B80000A2812D00B282AD11FE095F89C0203287E
:105B900005D102226946284600F0C1F804E02146FA
:105BA000284600F08FF802271FE095F89C02032892
:105BB00005D1012201A9284600F0B1F804E02146F0
:105BC000284600F07FF802270FE095F89C02032892
:105BD00004D02146284600F075F8022705E021464A
:105BE000284600F06FF8022700BF00BF05E02146FD
:105BF000284600F067F8022700BF00BF3846BDE81E
:105C0000FC8170B50546D5F8B842D5F8B802A8B100
:105C1000D4F8140280B90120C4F81402D4F8101288
:105C20002963B4F8100283B281212846D4F80822EF
:105C300000F024FD002070BD0120FCE70220FAE7FF
:105C400070B504460D46D4F8B40229464268204691
:105C50009047002070BD70B504460D4694F89C0234
:105C6000012804D0022803D003280CD101E000BF92
:105C700000BF6888012805D10020C4F8A40220468E
:105C800000F05EF804E02946204600F01BF800BF53
:105C900000BF70BD70B506460C4615462B46224621
:105CA0000021304600F00EFC002070BD70B50646A5
:105CB0000C4615462B4622460021304600F0DEFCFD
:105CC000002070BD70B504460D468021204600F0CE
:105CD000A9FC0021204600F0A5FC70BD70B504466B
:105CE0000E4615460320C4F894024FF4AE700551D9
:105CF000001D05512B4632460021204600F0E2FBF4
:105D0000002070BD10B504460520C4F8940200239D
:105D10001A461946204600F0D5FB002010BD70B58C
:105D200004460E4615460220C4F89402E561256239
:105D30002B4632460021204600F0A0FC002070BD1A
:105D400010B504460420C4F8940200231A461946EC
:105D5000204600F093FC002010BD000070B5054601
:105D60000C462DB92246064906A000F0DBF904E0F6
:105D70002246034903A000F0D5F9014870BD000098
:105D80001815002043444320436F6E666967000086
:105D90000246122008800148704700006800002079
:105DA00070B505460C462DB92246064906A000F0FE
:105DB000B9F904E02246034903A000F0B3F9014811
:105DC00070BD00001815002043444320496E7465DF
:105DD0007266616365000000024604200880014885
:105DE000704700007C00002070B505460C46224636
:105DF000024903A000F096F9004870BD1815002074
:105E000053544D6963726F656C656374726F6E692C
:105E10006373000070B505460C462DB9224606494D
:105E200006A000F07FF904E02246034903A000F039
:105E300079F9014870BD00001815002053544D3306
:105E400032205669727475616C20436F6D506F72A9
:105E50007400000070B505460C461A202080FCF73F
:105E600083FB014870BD00008000002070B504462F
:105E70000D46E888012804D029462046FFF722FF76
:105E80001EE094F89C02012804D0022803D00328C5
:105E900010D109E000BF0020A060012204F1080138
:105EA0002046FFF73CFF0AE00122211D2046FFF7B4
:105EB00036FF04E029462046FFF704FF00BF00BF7D
:105EC00070BDF8B504460E4600200090002700255E
:105ED00070880012082875D2DFE800F0C7040C2093
:105EE000C7C7A5B5D4F8B01220690A6869469047BB
:105EF0000746C1E0206940B9D4F8B402816A684617
:105F0000884707460220787007E0D4F8B402C16AD7
:105F100068468847074602207870ADE0B0780628CA
:105F200078D2DFE800F00316293C5063D4F8B002C1
:105F3000406838B1D4F8B01220694A686946904781
:105F4000074605E031462046FFF7BCFE681CC5B297
:105F500067E0D4F8B002806838B1D4F8B012206994
:105F60008A6869469047074605E031462046FFF7B4
:105F7000A9FE681CC5B254E0D4F8B002C06838B1BC
:105F8000D4F8B0122069CA6869469047074605E010
:105F900031462046FFF796FE681CC5B241E0D4F8B2
:105FA000B002006938B1D4F8B01220690A696946B4
:105FB0009047074605E031462046FFF783FE681C00
:105FC000C5B22EE051E0D4F8B002406938B1D4F83F
:105FD000B01220694A6969469047074605E0314694
:105FE0002046FFF76FFE681CC5B21AE0D4F8B00275
:105FF000806940B1D4F8B01220698A696946904737
:10600000074606E006E031462046FFF75BFE681CC7
:10601000C5B206E031462046FFF754FE681CC5B203
:1060200000BF00BF28E0206930B9D4F8B402416B4A
:1060300068468847074605E031462046FFF742FE9E
:10604000681CC5B218E0206940B9D4F8B402016BED
:106050006846884707460720787005E031462046A5
:10606000FFF730FE681CC5B206E031462046FFF758
:1060700029FE681CC5B200BF00BF05B1F8BDBDF860
:10608000000088B1F08878B1F088BDF8001088422F
:1060900002DDBDF8000000E0F0880090BDF80020AF
:1060A00039462046FFF73BFEF08810B92046FFF73F
:1060B00047FE00BFE2E70146002002E0421CD0B2EA
:1060C000491C0A78002AF9D1704770B504460D467C
:1060D00094F89C02012804D0022803D003281AD186
:1060E00001E000BF00BFE888022804D0294620460E
:1060F000FFF7E8FD14E00120E060D4F8A40218B135
:10610000E06840F00200E060022204F10C01204649
:10611000FFF705FE04E029462046FFF7D3FD00BF48
:1061200000BF70BD2DE9F04104460D46174600261C
:10613000FCB12046FFF7BFFF022101EB4000388091
:106140003A783046711CCEB22A5403223046711C74
:10615000CEB22A540AE014F8012B3046711CCEB29C
:106160002A5400223046711CCEB22A5420780028CE
:10617000F1D1BDE8F0810146002031B1012906D0FE
:10618000022906D0032908D105E0002007E00220FB
:1061900005E0012003E0022001E0022000BF00BF73
:1061A000704770B504460D4616460CB9022070BD06
:1061B000D4F8B40210B10020C4F8B4020DB1C4F890
:1061C000B052012084F89C022670204600F004F9A9
:1061D0000020ECE72DE9F04104460D46002600279B
:1061E0002946D4F8C002FCF7B5FD06463046FFF755
:1061F000C2FF07463846BDE8F0812DE9F04104466C
:106200000D46002600272946D4F8C002FCF76DFD94
:1062100006463046FFF7AFFF07463846BDE8F08137
:106220002DE9F04104460E461746002E64D104F1D4
:106230001405D4F89402022848D1D5E90301884214
:1062400010D9D5E90301401AE860A88982B239461D
:106250002046FFF72BFD00231A461946204600F082
:1062600031F93EE02969A868B0FBF1F201FB1200A8
:10627000B8B92969A868884213D3A868D4F89812D5
:1062800088420ED2002211462046FFF70FFD002063
:10629000C4F8980200231A461946204600F012F965
:1062A0001FE0D4F8B402C06840B194F89C020328FF
:1062B00004D1D4F8B402C168204688478021204622
:1062C00000F0B0F92046FFF71DFD0AE0D4F8940273
:1062D000042802D0D4F8940218B98021204600F096
:1062E000A1F994F8A002012818D1204600F0FAF98B
:1062F000002084F8A00211E0D4F8B402406950B143
:1063000094F89C02032806D1D4F8B40231464269BD
:106310002046904702E00220BDE8F0810020FBE724
:106320002DE9F04104460E461746BEBB04F5AA759A
:10633000D4F89402032825D1D5E90301884210D965
:10634000D5E90301401AE860D5E90301884201D28A
:10635000E86800E0286982B239462046FFF79AFCD7
:106360002FE0D4F8B402006940B194F89C020328ED
:1063700004D1D4F8B4020169204688472046FFF7CB
:10638000DFFC1EE0D4F8940205281AD10020C4F8DE
:1063900094020021204600F045F912E0FFE7D4F80E
:1063A000B402806950B194F89C02032806D1D4F855
:1063B000B402314682692046904702E00220BDE8DF
:1063C000F0810020FBE770B504460D462946D4F85D
:1063D000C002FDF748F870BD10B504461D48C0F86E
:1063E000F042C4F8C0021C481A49086008204860FE
:1063F00002211848816000218161C1610162FDF7BD
:10640000EAF908B1FCF76DF804F53074182300229E
:1064100011462068FCF726FC5823002280212068C2
:10642000FCF720FCC023002281212068FCF71AFC25
:106430004FF48873002201212068FCF713FC2068C8
:10644000A4F530744FF4807300228221FCF70AFC1B
:10645000002010BDB8260020005C004010B50246A8
:10646000D2F8C03201F08000802809D101F07F000D
:1064700000EB800403F1280000EBC400807810BD1D
:1064800001F07F0000EB800403F5B47000EBC40062
:106490008078F4E72DE9F04704460F4615461E467E
:1064A0004FF00008C1462B4632463946D4F8C002A8
:1064B000FCF7E4FF80464046FFF75DFE8146484614
:1064C000BDE8F0872DE9F04704460D4616461F4605
:1064D0004FF00008C1463B4632462946D4F8C00278
:1064E000FDF70EF880464046FFF745FE81464846D8
:1064F000BDE8F08710B5044640230022114620462F
:10650000FFF7C8FF01214FF4AC70015140214FF457
:10651000B27001514023002280212046FFF7BAFFCC
:106520000121A16140216162012084F89C020020C8
:10653000C4F894026060C4F8A402D4F8B80228B188
:106540002179D4F8B402426820469047002010BD5B
:10655000014691F89C02042803D191F89D0281F82C
:106560009C020020704710B5044694F89C02032852
:1065700008D1D4F8B402C06920B1D4F8B402C1691A
:1065800020468847002010BD024611610020704758
:106590002DE9F04104460D46002600272946D4F88F
:1065A000C002FDF7FFF906463046FFF7E4FD074657
:1065B0003846BDE8F08170B504460D46294604F51D
:1065C0002A7000F073F80120C4F8940240F2AE2063
:1065D000005BC4F8980294F8A80200F01F0020B1F4
:1065E000012808D0022812D10BE004F52A712046B8
:1065F00000F041F913E004F52A71204600F0A8FAF2
:106600000DE004F52A71204600F086F907E094F8C1
:10661000A80200F08001204600F004F800BF00BF8F
:10662000002070BD2DE9F04104460D4600260027EC
:106630002946D4F8C002FCF781FF06463046FFF732
:106640009AFD07463846BDE8F08170B5044600253E
:106650000026D4F8C002FDF7C9F905462846FFF721
:106660008AFD0646304670BD014691F89C0281F8CD
:106670009D02042081F89C02002070472DE9F0471C
:1066800004460D4616461F464FF00008C1463B46DD
:1066900032462946D4F8C002FCF794FF80464046B3
:1066A000FFF769FD81464846BDE8F0870A78027029
:1066B0004A7842708B78CA7803EB022242800B79C9
:1066C0004A7903EB022282808B79CA7903EB02229A
:1066D000C28070470246002011B1C2F8B41200E037
:1066E0000220704701460020704770B504460D46F1
:1066F000A88810BBE88800BB688880281DD2A878CD
:1067000000F07F0694F89C02032804D12946204615
:10671000FFF7D8FA15E084F89E6231462046FFF76D
:1067200037FF2046FFF70CFB1EB1022084F89C02C5
:1067300007E0012084F89C0203E029462046FFF789
:10674000C1FA70BD70B504460D460226D4F8B402F5
:1067500038B1D4F8B402294602682046904700B9FF
:106760000026304670BD000070B504460D46A8787E
:106770003649087008460078012804DD294620467D
:10678000FFF7A0FA60E094F89C02022802D00328E8
:106790004FD11CE02D480078A8B12C4800786060EB
:1067A000032084F89C02294801782046FFF7CAFF9D
:1067B000022804D129462046FFF784FA70BD2046FE
:1067C000FFF7BEFA02E02046FFF7BAFA3BE01F48A7
:1067D000007870B9022084F89C021C480078606040
:1067E0001A4801782046FFF72BFA2046FFF7A8FA4F
:1067F0001EE0164909786068884216D02179204643
:10680000FFF71EFA114800786060104801782046B2
:10681000FFF798FF022804D129462046FFF752FAD5
:10682000CCE72046FFF78CFA02E02046FFF788FA13
:1068300009E029462046FFF745FA0448017820463A
:10684000FFF7FEF900BF00BF00BFB7E7D000002090
:1068500070B505460C466088012804D1C5F8A4022D
:106860002846FFF76DFA70BD10B504462046FFF7C5
:10687000ECFE002010BD70B505460C4600262078C1
:1068800000F0600060B1202802D040283CD100E038
:1068900000BFD5F8B402214682682846904738E008
:1068A00060780A2829D2DFE800F01923281E280A78
:1068B0000528140F21462846FFF703FB22E0214656
:1068C0002846FFF712FF1DE021462846FFF74CFF40
:1068D00018E021462846FFF7C9FA13E0214628466A
:1068E000FFF7F3FB0EE021462846FFF7B1FF09E072
:1068F00021462846FFF7AFF904E021462846FFF776
:10690000E1F900BF00BF04E021462846FFF7DAF9AD
:1069100000BF00BF304670BD2DE9F04105460E4670
:106920004FF000083479307800F0600060B1202822
:1069300002D0402871D100E000BFD5F8B402314642
:1069400082682846904700E1307800F060002028F7
:1069500009D1D5F8B402314682682846904780466E
:106960004046BDE8F081707800285ED001282FD025
:10697000032876D195F89C02022802D0032820D162
:1069800010E054B1802C08D021462846FFF74AFE7B
:1069900080212846FFF746FE03E031462846FFF7F0
:1069A00091F913E0708840B93CB1802C05D0F08893
:1069B00018B921462846FFF735FE2846FFF7C0F9EB
:1069C00004E031462846FFF77DF900BF00BFB5E07F
:1069D00095F89C02022802D003281FD110E054B180
:1069E000802C08D021462846FFF71CFE802128462F
:1069F000FFF718FE03E031462846FFF763F912E07F
:106A0000708848B904F07F0018B121462846FFF786
:106A1000E1FB2846FFF794F905E091E0314628466E
:106A2000FFF750F900BF00BF88E095F89C020228EC
:106A300002D0032876D126E034B1802C04D0314630
:106A40002846FFF73FF972E004F08000802809D162
:106A500004F07F0000EB800105F1140000EB8100E1
:106A600008E066E004F07F0000EB800105F5AA7005
:106A700000EB810007460020386002223946284694
:106A8000FFF74DF953E004F0800080280ED104F0A8
:106A90000F0000EB800105F1140000EB810040685D
:106AA00098B931462846FFF70DF940E004F00F0091
:106AB00000EB800105F5AA7000EB8100406820B969
:106AC00031462846FFF7FEF831E004F080008028C8
:106AD00008D104F07F0000EB800105F1140000EB09
:106AE000810007E004F07F0000EB800105F5AA704B
:106AF00000EB810007460CB1802C02D100203860E9
:106B000009E021462846FFF7A9FC10B101203860B2
:106B100001E000203860022239462846FFF7FFF8DE
:106B200005E0FFE731462846FFF7CCF800BF00BF7D
:106B300004E031462846FFF7C5F800BF00BF04E077
:106B400031462846FFF7BEF800BF00BF404608E7C1
:106B500070B505460C460026207800F0600030B184
:106B6000202802D040282AD100E000BF00BF95F8BD
:106B70009C02012804D0022803D0032818D101E088
:106B800000BF00BF207901280DDCD5F8B4022146F2
:106B90008268284690470646E08840B93EB92846B4
:106BA000FFF7CEF803E021462846FFF78BF804E014
:106BB00021462846FFF786F800BF00BF04E02146C3
:106BC0002846FFF77FF800BF00BF002070BD704768
:106BD0000146014870470000AC290020F0B502468C
:106BE00000260878400032F8100048F68F1400EABA
:106BF0000403C87830B101280CD0022805D003283E
:106C00000BD104E043F4007309E000BF07E043F454
:106C1000C06304E043F4806301E0012600BF00BFCD
:106C200043F4004040F080000C78640022F8140027
:106C300000BF0C78640032F8144048F68F752C4081
:106C40000D7844EA050040F4004444F080040D78D7
:106C50006D0022F8154000BF087B00287ED14878DF
:106C6000002852D000BF1046B2F8505028440D788A
:106C700000F5806707EB0514CD886D106D00258049
:106C800000BF00BF0C78640032F8140000F040042C
:106C90008CB100BF0D786D0032F8155048F68F7733
:106CA00005EA070444F4004545F0C0050F787F006D
:106CB00022F8175000BF00BFC878012813D000BFCA
:106CC0000C78640032F8144048F6BF7504EA0500F9
:106CD00080F0200040F4004444F080040D786D0002
:106CE00022F81540D0E100BF0C78640032F814405F
:106CF00048F6BF7504EA050040F4004444F08004FF
:106D00000D786D0022F81540BEE100BF1046B2F8C4
:106D1000505028440D78042707EBC50500F580671F
:106D200007EB4504CD886D106D00258000BF00BFC6
:106D30001546B2F8504025440C78062707EBC404EA
:106D400005F5806707EB4404204600BF0788C7F3BA
:106D5000090707800F693E2F14D900E073E000BFD8
:106D60000F697C090F7C07F01F0707B9641E0788AD
:106D70004FF4004C4CEA842C1FFA8CFC47EA0C07B9
:106D8000078017E00F6927B9078847F40047078095
:106D900010E000BF0F697C080F7C07F0010707B106
:106DA000641C07884FF6FF7C0CEA842C47EA0C072A
:106DB000078000BF00BF00BF00BF0C78640032F83E
:106DC000140000F480448CB100BF0D786D0032F8DF
:106DD000155048F68F7705EA070444F4004545F45A
:106DE00081450F787F0022F8175000BF00BF087858
:106DF000A8B900BF0C78640032F814404BF68F75C8
:106E000004EA050080F4805080F4005040F400440F
:106E100044F080040D786D0022F8154034E100BF85
:106E20000C78640032F814404BF68F7504EA0500C4
:106E300080F4005040F4004444F080040D786D006C
:106E400022F8154020E1C878022811D100BF0C7843
:106E5000640032F8144048F68F7504EA050040F4E7
:106E6000004444F4C0740D786D0022F8154011E020
:106E700000BF0C78640032F8144048F68F6504EACD
:106E8000050040F4004444F080040D786D0022F8C1
:106E9000154000BF00BF00BF00BF1046B2F8505001
:106EA00028440D7800F5806707EB05140D896D10F7
:106EB0006D00258000BF00BF00BF00BF1046B2F8C4
:106EC000505028440D78042707EBC50500F580676E
:106ED00007EB45044D896D106D00258000BF00BF94
:106EE00000BF4878E8BB00BF0C78640032F814009B
:106EF00000F480448CB100BF0D786D0032F815505D
:106F000048F68F7705EA070444F4004545F48145C7
:106F10000F787F0022F8175000BF00BF00BF0C7829
:106F2000640032F8140000F040048CB100BF0D780A
:106F30006D0032F8155048F68F7705EA070444F4DF
:106F4000004545F0C0050F787F0022F8175000BFBC
:106F500000BF00BF0C78640032F814404BF68F7508
:106F600000E020E004EA050080F4805080F4005046
:106F700040F4004444F080040D786D0022F8154080
:106F800000BF00BF0C78640032F8144048F6BF75AB
:106F900004EA050040F4004444F080040D786D00DC
:106FA00022F8154070E000BF0C78640032F814003D
:106FB00000F480448CB100BF0D786D0032F815509C
:106FC00048F68F7705EA070444F4004545F4814507
:106FD0000F787F0022F8175000BF00BF00BF0C7869
:106FE000640032F8140000F040048CB100BF0D784A
:106FF0006D0032F8155048F68F7705EA070444F41F
:10700000004545F0C0050F787F0022F8175000BFFB
:1070100000BFC878012813D000BF0C78640032F894
:10702000144048F6BF7504EA050080F0200040F4E3
:10703000004444F080040D786D0022F8154011E002
:1070400000BF0C78640032F8144048F6BF7504EABB
:10705000050040F4004444F080040D786D0022F8EF
:10706000154000BF00BF0C78640032F814404BF6A6
:107070008F7504EA050040F4004444F080040D7864
:107080006D0022F8154000BF3046F0BD0FB410B5BA
:1070900092B015A81190402101A8F9F7F2FA402109
:1070A00001A8119B149AF9F705F90446A1B201A8A9
:1070B000FBF7F0F90220FBF769FA00201190204657
:1070C00012B010BC5DF814FB2DE9F05F80460D4650
:1070D0004FF0000AAF094FF0400B05F03F09B9F13E
:1070E000000F00D07F1C012412E0BC4202D04FF000
:1070F000400B00E0CB46601E08EB801A00BF1FFA71
:107100008BF15046FBF7C6F90646002EF7D1641CFA
:10711000BC42EAD9BDE8F09F10B50446002010BD7E
:1071200030B50246087B00285BD1487860B300BFC9
:107130000B785B0032F8130000F040038BB100BF06
:107140000C78640032F8144048F68F7504EA0503A1
:1071500043F4004444F0C0040D786D0022F815405B
:1071600000BF00BF00BF0B785B0032F8133048F659
:10717000BF7403EA040040F4004343F080030C783A
:10718000640022F8143007E100BF0B785B0032F88E
:10719000130000F480438BB100BF0C78640032F818
:1071A000144048F68F7504EA050343F4004444F4A0
:1071B00081440D786D0022F8154000BF00BF00BF6C
:1071C0000B785B0032F813304BF68F7403EA04003F
:1071D00040F4004343F080030C78640022F814303C
:1071E000DAE0487800286BD100BF0B785B0032F8FA
:1071F000130000F480438BB100BF0C78640032F8B8
:10720000144048F68F7504EA050343F4004444F43F
:1072100081440D786D0022F8154000BF00BF00BF0B
:107220000B785B0032F8130000F040038BB100BF15
:107230000C78640032F8144048F68F7504EA0503B0
:1072400043F4004444F0C0040D786D0022F815406A
:1072500000BF00BF00BF0B785B0032F8133048F668
:107260008F7403EA040040F4004343F0C0030C7839
:10727000640022F8143000BF00BF0B785B0032F8C6
:1072800013304BF68F7403EA040040F4004343F0DC
:1072900080030C78640022F8143000BF00BF0B7824
:1072A0005B0032F8133048F6BF7403EA040040F480
:1072B000004343F080030C78640022F814306BE044
:1072C00000BF0B785B0032F8130000F480438BB1F1
:1072D00000BF0C78640032F8144048F68F7504EA59
:1072E000050343F4004444F481440D786D0022F812
:1072F000154000BF00BF00BF0B785B0032F81300E1
:1073000000F040038BB100BF0C78640032F81440E9
:1073100048F68F7504EA050343F4004444F0C004C2
:107320000D786D0022F8154000BF00BF00BF0B783C
:107330005B0032F8133048F68F7403EA040040F41F
:10734000004343F481430C78640022F8143000BFFA
:1073500000BF0B785B0032F8133048F6BF7403EAC5
:10736000040040F4004343F080030C78640022F8EA
:10737000143000BF00BF0B785B0032F813304BF6BF
:107380008F7403EA040040F4004343F080030C7858
:10739000640022F8143000BF002030BD01460020F8
:1073A000704701460020704710B50446012024F8BC
:1073B000400F00202080A0802082403C10BD01466C
:1073C0004FF43F42B1F840009043A1F84000002044
:1073D000704702460020704730B50246087B0028FF
:1073E00065D1487888B300BF0B785B0032F8130092
:1073F00000F040038BB100BF0C78640032F81440F9
:1074000048F68F7504EA050343F4004444F0C004D1
:107410000D786D0022F8154000BF00BFC878012824
:1074200045D000BF0B785B0032F8133048F6BF74CC
:1074300003EA040080F0200040F4004343F080039E
:107440000C78640022F8143031E0FFE700BF0B78BD
:107450005B0032F8130000F480438BB100BF0C785E
:10746000640032F8144048F68F7504EA050343F4CB
:10747000004444F481440D786D0022F8154000BFAB
:1074800000BF00BF0B785B0032F813304BF68F74EF
:1074900003EA040080F4805080F4005040F400437C
:1074A00043F080030C78640022F8143000BF002001
:1074B00030BD10B50246487898B100BF0B785B002C
:1074C00032F8133048F6BF7403EA040080F010006D
:1074D00040F4004343F080030C78640022F8143039
:1074E00013E000BF0B785B0032F813304BF68F745B
:1074F00003EA040080F4805040F4004343F080032A
:107500000C78640022F8143000BF002010BD2DE973
:10751000F04706460C466078012872D12169A069BF
:10752000884201D9256900E0A569207BA0B9ABB2EA
:10753000E2883046616900F056FD00BF3046B6F87B
:10754000502010442278022303EBC20200F580632E
:1075500003EB42010D80C1E2E078022870D121697D
:10756000206A88426DD900BF2178490036F8111091
:1075700048F68F7201EA020040F4004141F4C07104
:107580002278520026F8121000BF206A401B2062A9
:107590002078400036F8100000F04000002874D039
:1075A00000BF3346607868BB00BF3246B6F8501063
:1075B0000A4421784FF0060909EBC10102F5806900
:1075C00009EB4101084600BFB0F80090C9F3090972
:1075D000A0F800903E2D16D900BF690905F01F09DB
:1075E000B9F1000F00D1491EB0F800904FF4004AE5
:1075F0004AEA812A1FFA8AFA49EA0A09A0F80090A1
:107600001CE081E21EE035B9B0F8009049F4004971
:10761000A0F8009012E000BF690805F00109B9F177
:10762000000F00D0491CB0F800904FF6FF7A0AEA2C
:10763000812A49EA0A09A0F8009000BF00BF11E0C2
:107640007EE153E1607801280CD1B6F85000034484
:107650002078062101EBC00003F5806101EB400CAE
:10766000ACF8005000BF6789ABB23A46304661695A
:1076700000F0B9FC6069284460612169206A884291
:1076800004D9206A401B206203E05EE0256A0020E6
:10769000206200BF6078E0BB00BF3246B6F85010F1
:1076A0000A442178022303EBC10102F5806303EB56
:1076B0004101084600BF0388C3F3090303803E2D40
:1076C00010D900BF690905F01F0303B9491E0388DB
:1076D0004FF4004C4CEA812C1FFA8CFC43EA0C035B
:1076E000038014E025B9038843F4004303800EE0CF
:1076F00000BF690805F0010303B1491C03884FF678
:10770000FF7C0CEA812C43EA0C03038000BF00BF1E
:1077100012E0FFE7607801280ED100BF3046B6F8CE
:10772000502010442278022303EBC20200F580634C
:1077300003EB42010D8000BF00BF2789ABB23A4680
:107740003046616900F04FFCC8E100BF6078E0BBE3
:1077500000BF3246B6F850100A442178022303EBEA
:10776000C10102F5806303EB4101084600BF0388B5
:10777000C3F3090303803E2D10D900BF690905F04A
:107780001F0303B9491E03884FF4004C4CEA812CB7
:107790001FFA8CFC43EA0C03038014E025B903882C
:1077A00043F4004303800EE000BF690805F00103C5
:1077B00003B1491C03884FF6FF7C0CEA812C43EA95
:1077C0000C03038000BF00BF12E0FFE760780128D0
:1077D0000ED100BF3046B6F8502010442278022364
:1077E00003EBC20200F5806303EB42010D8000BF92
:1077F00000BF2789ABB23A463046616900F0F3FB1F
:107800006069284460612169206A884203D9206A3E
:10781000401B206202E0256A0020206200BF334640
:107820006078A0BB00BF3246B6F850100A442178F9
:107830004FF0060909EBC10102F5806909EB41012E
:10784000084600BFB0F80090C9F30909A0F80090FD
:107850003E2D14D900BF690905F01F09B9F1000FC9
:1078600000D1491EB0F800904FF4004A4AEA812A3C
:107870001FFA8AFA49EA0A09A0F800901BE03DB90C
:10788000B0F8009049F40049A0F8009013E014E02B
:1078900000BF690805F00109B9F1000F00D0491CCB
:1078A000B0F800904FF6FF7A0AEA812A49EA0A09FD
:1078B000A0F8009000BF00BF0FE0607801280CD155
:1078C000B6F8500003442078062101EBC00003F510
:1078D000806101EB400CACF8005000BF6789ABB28F
:1078E0003A463046616900F07EFBF7E0256A00BF4A
:1078F0002178490036F8111048F68F6201EA02003B
:1079000040F4004141F080012278520026F8121024
:1079100000BF00BF3046B6F8502010442278022342
:1079200003EBC20200F5806303EB42010D8000BF50
:107930002789ABB23A463046616900F054FBCDE08E
:10794000206A401B20622078400036F8100000F0CA
:10795000400080B300BF3346607868BB00BF32464A
:10796000B6F850100A4421784FF0060909EBC1011E
:1079700002F5806909EB4101084600BFB0F80090AC
:10798000C9F30909A0F800903E2D16D900BF690976
:1079900005F01F09B9F1000F00D1491EB0F80090A1
:1079A0004FF4004A4AEA812A1FFA8AFA49EA0A0988
:1079B000A0F800901CE036E01CE035B9B0F800906B
:1079C00049F40049A0F8009012E000BF690805F0F2
:1079D0000109B9F1000F00D0491CB0F800904FF632
:1079E000FF7A0AEA812A49EA0A09A0F8009000BF52
:1079F00000BF0FE0607801280CD1B6F850000344B6
:107A00002078062101EBC00003F5806101EB400CFA
:107A1000ACF8005000BF6789ABB23A4630466169A6
:107A200000F0E1FA5AE000BF6078E0BB00BF3246E8
:107A3000B6F850100A442178022303EBC10102F585
:107A4000806303EB4101084600BF0388C3F30903C9
:107A500003803E2D10D900BF690905F01F0303B94B
:107A6000491E03884FF4004C4CEA812C1FFA8CFC11
:107A700043EA0C03038014E025B9038843F4004370
:107A800003800EE000BF690805F0010303B1491C43
:107A900003884FF6FF7C0CEA812C43EA0C03038039
:107AA00000BF00BF12E0FFE7607801280ED100BFE1
:107AB0003046B6F8502010442278022303EBC2026D
:107AC00000F5806303EB42010D8000BF00BF2789F2
:107AD000ABB23A463046616900F085FA00BF2178C2
:107AE000490036F8111048F6BF7201EA020080F032
:107AF000100080F0200040F4004141F08001227825
:107B0000520026F8121028E2207B88BB2169A06968
:107B1000884204D92569A069401BA06102E0A569DB
:107B20000020A06100BF3246B6F850100A44217808
:107B3000062303EBC10102F5806303EB4101084614
:107B400000BF0388C3F3090303803E2D11D900BF92
:107B5000690905F01F0303B9491E03884FF4004C5F
:107B60004CEA812C1FFA8CFC43EA0C03038015E0DD
:107B700016E025B9038843F4004303800EE000BFFC
:107B8000690805F0010303B1491C03884FF6FF7C27
:107B90000CEA812C43EA0C03038000BF00BFC6E15E
:107BA000E07802287CD100BF00BF607878BB00BFBE
:107BB0003246B6F850100A442178022303EBC10183
:107BC00002F5806303EB4101084600BF0388C3F35D
:107BD0000903038023693E2B12D900BF2369590989
:107BE000237C03F01F0303B9491E03884FF4004CA4
:107BF0004CEA812C1FFA8CFC43EA0C03038018E04A
:107C000023692BB9038843F40043038011E012E099
:107C100000BF23695908237C03F0010303B1491C09
:107C200003884FF6FF7C0CEA812C43EA0C030380A7
:107C300000BF00BF12E0607801280FD100BF3046BE
:107C4000B6F8502010442278022303EBC20200F55C
:107C5000806303EB4201228A0A8000BF00BF00BF9D
:107C600033466078B0BB00BF3246B6F850100A44C5
:107C700021784FF0060909EBC10102F5806909EB93
:107C80004101084600BFB0F80090C9F30909A0F807
:107C90000090D4F81090B9F13E0F1CD900BF00E05D
:107CA0007BE0D4F810904FEA591194F8109009F045
:107CB0001F09B9F1000F00D1491EB0F800904FF430
:107CC000004A4AEA812A1FFA8AFA49EA0A09A0F810
:107CD000009024E025E0D4F81090B9F1000F06D10F
:107CE000B0F8009049F40049A0F8009017E000BFF8
:107CF000D4F810904FEA590194F8109009F0010956
:107D0000B9F1000F00D0491CB0F800904FF6FF7A8F
:107D10000AEA812A49EA0A09A0F8009000BF00BFD8
:107D200010E0607801280DD1B6F8500003442078A7
:107D3000062101EBC00003F5806101EB400C208AB5
:107D4000ACF8000000BF00BFE069002824D0207814
:107D5000400036F8108008F4804010B108F0400070
:107D600038B908F48040002816D108F040000028F7
:107D700012D100BF00BF2178490036F8111048F633
:107D80008F7201EA020040F4004141F0C001227804
:107D9000520026F8121000BFC9E0E07801287ED119
:107DA0002169A069884204D92569A069401BA061A6
:107DB00002E0A5690020A06100BF00BF6078E0BBC1
:107DC00000BF3246B6F850100A442178022303EB74
:107DD000C10102F5806303EB4101084600BF03883F
:107DE000C3F3090303803E2D10D900BF690905F0D4
:107DF0001F0303B9491E03884FF4004C4CEA812C41
:107E00001FFA8CFC43EA0C03038014E025B90388B5
:107E100043F4004303800EE000BF690805F001034E
:107E200003B1491C03884FF6FF7C0CEA812C43EA1E
:107E30000C03038000BF00BF12E0FFE76078012859
:107E40000ED100BF3046B6F85020104422780223ED
:107E500003EBC20200F5806303EB42010D8000BF1B
:107E600000BF00BF3346607870BB00BF3246B6F833
:107E700050100A4421784FF0060909EBC10102F5C0
:107E8000806909EB4101084600BFB0F80090C9F3D2
:107E90000909A0F800903E2D17D900BF00E043E08B
:107EA000690905F01F09B9F1000F00D1491EB0F8AA
:107EB00000904FF4004A4AEA812A1FFA8AFA49EAF6
:107EC0000A09A0F800901BE01CE035B9B0F800905A
:107ED00049F40049A0F8009012E000BF690805F0DD
:107EE0000109B9F1000F00D0491CB0F800904FF61D
:107EF000FF7A0AEA812A49EA0A09A0F8009000BF3D
:107F000000BF0FE0607801280CD1B6F850000344A0
:107F10002078062101EBC00003F5806101EB400CE5
:107F2000ACF8005000BF02E00120BDE8F08700BFC0
:107F30002178490036F811104BF68F7201EA0200E1
:107F400080F4805080F4005040F4004141F0800102
:107F50002278520026F8121000BF0020E5E7014603
:107F60000020A1F844004FF43F42A1F840207047A0
:107F700010B50248FBF749FB10BD0000B8260020F1
:107F80000146B1F8440070472DE9F04304460E461F
:107F900015464FEA530CA046304608F5806909EBB8
:107FA000450267460AE01188921C0170401C4FEAA6
:107FB000112980F80090401C921C7F1E002FF2D1E6
:107FC00003F00109B9F1000F01D011880170BDE87B
:107FD000F083024600207047024611B98020A2F8C3
:107FE0004C00002070472DE9F04304460D461E4624
:107FF00006F101094FEA590CA046284608F58069A8
:1080000009EB420367460AE0017890F8019041EAE3
:10801000092119809B1C9B1C401C401C7F1E002FAB
:10802000F2D1BDE8F08300BFFEE7490050EAC1206D
:1080300018BF04204A0D18BF40F0010040F2FF7243
:10804000B2EB515F08BF40F00200012808BF0520D5
:108050007047000010B54FF480710248FAF70EFD2A
:1080600010BD0000000C014010B5FAF73DFA10BD3C
:1080700010B5FAF759FA10BD10B50446012C05D118
:10808000012201020948FAF70BFD0EE0022C05D18E
:108090000022E1010548FAF703FD06E02CB90022B1
:1080A0004FF480710148FAF7FBFC10BD000C014051
:1080B00010B50446012C05D1002201020948FAF747
:1080C000EFFC0DE0022C05D1012211020548FAF760
:1080D000E7FC05E024B9012211020248FAF7E0FCAE
:1080E00010BD0000000C014002480068C0F30220EF
:1080F000704700000CED00E010B5002804DB0A0713
:10810000130E054A135406E00A07140E034A00F042
:108110000F031B1FD45410BD00E400E018ED00E075
:1081200010B54FF400710248FAF7A8FC10BD00002A
:10813000000C014030380A2801D20120704700208D
:10814000704700002DE9F04F00229046002794462A
:10815000002601231EE030F813A0A3F1010930F836
:108160001990CA4515D001240FE004EB030930F83B
:1081700019A004EB0309A9F1010930F81990CA45C7
:1081800002D0E218A04602E0641C642CEDDB00BFC4
:1081900002E05B1C642BDEDB00BF00258BE00121CD
:1081A00084E0BCF1000F56D101EB020930F819A0B0
:1081B00001EB020909F1010930F81990CA4574D0A0
:1081C00001EB020909F1010930F81990B9F1000F2A
:1081D0001CD14FF0010909FA06F96FEA09094FEAC3
:1081E000E97ADFF80CE1DEE900BE09EA0B090AEAE8
:1081F0000E0ADFF8FCB0CBE9009A4FF0020A01EB5F
:10820000020909F1010920F819A019E04FF001094C
:1082100009FA06F94FEAE97ADFF8D4E0DEE900BEB0
:1082200049EA0B094AEA0E0ADFF8C4B0CBE9009A22
:108230004FF0030A01EB020909F1010920F819A026
:1082400006F1010909F0FF0601EB020909F101023B
:108250004FF0010C2DE0BCF1010F26D101EB02091A
:1082600030F819A001EB020909F1010930F8199061
:10827000CA451AD17F1C142F03DB42440027BC4699
:1082800017E001EB020930F819A001EB020909F12E
:10829000010930F81990CA4507D001EB020909F12C
:1082A00001020027BC4604E0FFE7491C6429FFF6F1
:1082B00078AF00BF6D1C4A2DFFF671AFDFF830902C
:1082C000D9E900A96FF07F4E0AEA0E0A4FF00009C3
:1082D0008AEA090A89EA09095AEA090A05D14FF026
:1082E0000109DFF810A08AF80090BDE8F08F0000C7
:1082F000200000204800002002480349097800EBD4
:10830000811070472C1C0020A00000200248034967
:108310000978405C70470000AC1E0020A0000020DF
:1083200088B000BFFAF7D4FBFDF7D3F9FCF74CFC9B
:10833000FCF708FDFCF7D2FC4FF400518348FAF734
:10834000A5FBFA20FAF722F94FF400517F48FAF71B
:108350009DFBFA20FAF71AF94FF400517B48FAF71F
:1083600095FBFA20FAF712F94FF400517748FAF723
:108370008DFBFA20FAF70AF9A3E375480068402854
:1083800078D174480068022876D173A0FEF77EFE8B
:1083900075484088C0F3C90373488078C0F3410230
:1083A0007148807800F0010170A0FEF76FFE6E4802
:1083B0000079C0F340136C480079C0F300126A489A
:1083C000007900F00F0173A0FEF760FE66480078A8
:1083D000C0F340026448007800F0010177A0FEF786
:1083E00055FE61480078C0F3400018B17AA0FEF74E
:1083F0004DFE12E05C48007900F00F0180A0FEF70E
:1084000045FE59480079C0F3401018B183A0FEF72B
:108410003DFE02E084A0FEF739FE86480078012880
:108420004BD1002422E0844830F8140018B983A00E
:10843000FEF72CFE19E0804830F81400012803D123
:108440007FA0FEF723FE10E07B4830F814000228DE
:1084500003D17CA0FEF71AFE07E0774830F814003D
:10846000032802D178A0FEF711FE641CB4F5FA6F60
:10847000D9DB22E026E0FFE736480068042808D16F
:1084800072A0FEF703FE76A0FEF700FEFCF716FED4
:1084900013E03048006808280FD175A0FEF7F6FDFC
:1084A00078480068022803D177A0FEF7EFFD02E0CC
:1084B00079A0FEF7EBFDFCF701FE002024490860DF
:1084C000244908607948007800283DD00024FFF74F
:1084D00013FF0446FFF71AFF06462246314674A0F2
:1084E000FEF7D4FD03A804A905AB06AACDE9001048
:1084F00076A12046F7F7F8FE0546042D25D07AA090
:10850000FEF7C4FD85A0FEF7C1FD91A0FEF7BEFDFC
:108510009CA0FEF7BBFDA8A0FEF7B8FDB3A0FEF738
:10852000B5FDBFA0FEF7B2FDCAA0FEF7AFFDD6A015
:10853000FEF7ACFDE1A0FEF7A9FDEDA0FEF7A6FD5C
:10854000F8A0FEF7A3FD07E287E236E20010014043
:1085500000000020040000205265616452657175BE
:108560006573740D0A000000080000202D2D426183
:108570006E6B3120202043413A253464202041474E
:10858000433A25346420204C45443A2534640D0A8E
:10859000000000002D2D42616E6B322020524546B6
:1085A0003A25346420202044533A25346420202086
:1085B0004F503A2534640D0A000000002D2D426111
:1085C0006E6B3320202053423A253464202020450E
:1085D000463A2534640D0A00B6C1C8A1CAA7B0DC6A
:1085E000A3ACC7EBD2C6BFAACAD4BCC120CAB9C00B
:1085F000B6B5C6CFA8C3F0BAF3D4D9B6C10D0A0038
:10860000B6C1C8A1B3C9B9A6A3ACC1E9C3F4B6C881
:10861000CEAAA3BA2534642020202000BCABD0D43D
:10862000D5FDCFF20D0A0000BCABD0D4B7B4CFF269
:108630000D0A000048000020E40100205F00000057
:108640002D000000300000003100000057726974F6
:108650006542616E6B32626974730D0A000000003E
:108660002D2D436F6D706C6574650D0A0000000060
:1086700043616C696272617465526571756573748A
:108680000D0A0000180000202D2D537563636573DB
:108690007366756C0D0A00002D2D556E737563633E
:1086A00065737366756C0D0A00000000A100002060
:1086B000726563656976652064617461282532643A
:1086C00029202D2D2025730D0A0000002323202FA3
:1086D000202573202F202575202F202575202F2061
:1086E0002575202F202323002A2A2A2A2A2A2A2AEB
:1086F0002A2A2A2A2A2A2A2A2A2A2A2A2020686575
:108700006C7020202A2A2A2A2A2A2A2A2A2A2A2A55
:108710002A2A2A2A2A2A2A2A0D0A00002A20202068
:10872000D0ADD2E9B8F1CABD2020202020202020E1
:108730002020202020202020202020202020202039
:1087400020202020202020202020202A0D0A000088
:108750002A2020202323202F20434D44202F205047
:1087600031202F205032202F205033202F20232340
:108770002020202020202020202020202020202AEF
:108780000D0A00002A202020202D2D434D442020BA
:1087900020202020202020202020202020202020D9
:1087A00020202020202020202020202020202020C9
:1087B0002020202A0D0A00002A2020202020202D01
:1087C0002D2052522028526561645265717565737F
:1087D000742920202020202020202020202020203C
:1087E000202020202020202A0D0A00002A202020DE
:1087F00020202020202D2D20503120286E6F207524
:1088000073652920202020202020202020202020C7
:1088100020202020202020202020202A0D0A0000B7
:108820002A20202020202020202D2D2050322028DA
:108830006E6F2075736529202020202020202020A5
:108840002020202020202020202020202020202A1E
:108850000D0A00002A20202020202020202D2D205D
:10886000503320286E6F207573652920202020202A
:1088700020202020202020202020202020202020F8
:108880002020202A0D0A00002A2020202020202D30
:108890002D2057422028577269746542616E6B32F1
:1088A000626974732920202020202020202020208D
:1088B000202020202020202A0D0A00002A2020200D
:1088C00020202020202D2D205031202852454629BF
:1088D0002020202020202020202020202020202098
:1088E00020202020202020202020202A0D0A0000E7
:1088F0002A20202020202020202D2D20503220280A
:108900004453292020202020202020202020202007
:108910002020202020202020202020202020202A4D
:108920000D0A00002A20202020202020202D2D208C
:10893000503320284F502920202020202020202084
:108940002020202020202020202020202020202027
:108950002020202A0D0A00005AA0FEF797FBAFF254
:108960007410FEF793FBAFF24810FEF78FFBAFF2E7
:108970001C10FEF78BFB60A0FEF788FBAFF2941093
:10898000FEF784FBAFF26810FEF780FBAFF23C10FD
:10899000FEF77CFB65A0FEF779FB71A0FEF776FB86
:1089A000AFF28410FEF772FBAFF25810FEF76EFBC9
:1089B000AFF2CC20FEF76AFB3DE006A975A0F7F701
:1089C00087FE10B9FCF77AFB35E006A972A0F7F72D
:1089D0007FFE50B9039B9AB2049B99B2059B98B253
:1089E00000F020F9FCF7A2FB25E006A96BA0F7F741
:1089F0006FFE10B9FCF7EAF91DE006A968A0F7F7C9
:108A000067FE88B9059830B900206649087066A0ED
:108A1000FEF73CFB0FE0059801280CD16149087076
:108A200065A0FEF733FB06E006A968A0F7F750FE45
:108A300008B9FCF707FA66480078401C0A2801D1FB
:108A4000002002E062480078401C614908706148DB
:108A50000078401E5F49087000BF5F480078D8B1B9
:108A60005E4A5F4B1B78D15C5E4A5D4B1B7802EB24
:108A70008310FEF729FB5A480078401C142801D1C6
:108A8000002002E056480078401C554908705248C2
:108A90000078401E504908705348006888B94FF468
:108AA00000715248F9F7EAFF28B1012251035048FA
:108AB000F9F7F6FF05E000224FF400514C48F9F7B2
:108AC000EFFF5AE42A2020202020202D2D20435281
:108AD000202843616C6962726174655265717565C5
:108AE00073742920202020202020202020202020D6
:108AF0002020202A0D0A00002A2020202020202DBE
:108B00002D204353202843616C6962726174655360
:108B100074616E6429202020202020202020202025
:108B2000202020202020202A0D0A00002A2020209A
:108B30002020202D2D204C5320284C6576656C5329
:108B4000686F77292020202020202020202020202E
:108B500020202020202020202020202A0D0A000074
:108B60002A20202020202020202D2D205031202898
:108B700030206F66662031206F6E29202020202053
:108B80002020202020202020202020202020202ADB
:108B90000D0A0000525200005742000043520000EC
:108BA0004C530000480000204C6576656C53686F9C
:108BB00077206F66660D0A004C6576656C53686FAA
:108BC00077206F70656E0D0A0000000043530000AF
:108BD000A0000020A10000209E000020181C002002
:108BE0009C0000201817002004000020000C014009
:108BF0000010014030B512E020FA01F505F0010344
:108C000020FA02F505F00104A34205D001258D40AC
:108C10006840012595406840491C521E00BF9142A2
:108C2000EADB30BD10B500230C4C23604FF47063B9
:108C300003EA002324682343084C2360802303EACB
:108C4000C11324682343054C2360402303EA8213A5
:108C500024682343014C236010BD00003000002035
:108C600010B500290AD00878002807D005487844B4
:108C7000F7F72EFD002801D0002010BD02487844EF
:108C800010BD00009A0100009201000010B50029FB
:108C90000AD00878002807D005487844F7F718FD6F
:108CA000002801D0002010BD0248784410BD00000B
:108CB0008A01000082010000F8F7CCB9F8F700BB88
:108CC00002030405060708090A0B0C0D0E0F10100D
:108CD000010200000000000000000102030406077A
:108CE0000809000000000102030400000000000069
:108CF00000000000303132333435363738394142E4
:108D000043444546403058003031323334353637ED
:108D10003839616263646566403078000400000899
:108D2000000000000000000200010000103031329D
:108D3000333435363738396162636465667870007C
:108D40003031323334353637383941424344454681
:108D50005850000002400000000000A00000000089
:108D600005400000000000C8000000000C400000AA
:108D70000000409C00000000194000000020BCBE24
:108D80000000000034400000BFC91B8E000000043A
:108D9000B5400000504BCFD06607E2CF0100000085
:108DA0006C4100003E8251AADFEEA73401000000B2
:108DB000D9420000DCB5A0E23A301F97FFFFFFFF69
:108DC000B4450000FD25A0C8E9A3C14FFFFFFFFF88
:108DD000FF3F00000000008000000000FF3F000097
:108DE0000000008000000000348F00080000002018
:108DF000E40100002801000800900008E4010020C0
:108E00004C320000840100081C00000043000000F8
:108E1000F8FFFFFF0C0000000E0000000F00000034
:108E20002E0000001001000043000000F8FFFFFFCB
:108E3000004040404040404040404141414141406D
:108E40004040404040404040404040404040404022
:108E500040050202020202020202020202020202B1
:108E600002202020202020202020200202020202B6
:108E7000020290909090909010101010101010100E
:108E8000101010101010101010101010020202021A
:108E9000020288888888888808080808080808085E
:108EA000080808080808080808080808020202025A
:108EB0004000000000000000000000000000000072
:108EC00000000000000000000000000000000000A2
:108ED0000000000000000000000000000000000092
:108EE0000000000000000000000000000000000082
:108EF0000000000000000000000000000000000072
:108F00000000000000000000000000000000000061
:108F10000000000000000000000000000000000051
:108F20000000000000000000000000000000000041
:108F300000000000014C13915D1B08D9041AE904DC
:108F400013155E1B0855041A5D0C1AA104131201B7
:108F50001402020216408304405726020102030154
:108F60000727040309041A031AC23111120813F562
:108F7000231B08F1041A51041B1924113132102942
:108F80001E115324F4130A0632022A401413ED5919
:108F90001B082B044B0F5B2C1A790C137B581B08F6
:108FA000F704C11ACD181ABD041ADD041AAD041C49
:108FB000090243A7111DC03209045D1A020B1305F3
:108FC00024161001052401100901042402020524BD
:108FD00006170107058203081C100904DD320A1D6B
:108FE000070501027B2C07058107110937442A4038
:108FF000072A8107112B0907440A3B04440000009B
:04000005080000ED02
:00000001FF
